machine_id,temp,vibration,pressure,failure
SIM0001,75.96,0.428,35.16,0
SIM0002,58.48,0.913,38.53,0
SIM0003,81.76,0.676,34.91,0
SIM0004,84.23,0.343,41.33,0
SIM0005,46.64,0.286,32.0,0
SIM0006,55.07,0.03,26.37,0
SIM0007,73.66,0.679,47.85,0
SIM0008,67.89,0.459,31.07,0
SIM0009,71.78,0.03,31.31,0
SIM0010,60.91,0.398,34.57,0
SIM0011,83.43,0.274,35.44,0
SIM0012,82.11,1.116,32.49,0
SIM0013,72.86,0.03,34.89,0
SIM0014,86.65,0.09,34.74,1
SIM0015,78.08,0.957,36.14,0
SIM0016,60.83,1.041,19.68,0
SIM0017,76.79,0.327,47.23,0
SIM0018,59.53,0.365,34.04,0
SIM0019,83.42,0.79,38.77,0
SIM0020,71.35,0.03,26.04,0
SIM0021,69.6,0.03,31.94,0
SIM0022,63.15,0.485,30.63,0
SIM0023,87.89,1.107,44.55,0
SIM0024,69.99,0.432,31.19,0
SIM0025,66.43,0.614,39.93,0
SIM0026,67.42,0.965,30.77,0
SIM0027,78.92,1.296,32.06,0
SIM0028,76.75,0.384,33.4,1
SIM0029,77.37,0.574,43.34,0
SIM0030,77.6,1.199,22.72,0
SIM0031,99.84,0.062,26.45,0
SIM0032,66.72,0.929,22.34,0
SIM0033,65.34,0.234,27.93,0
SIM0034,61.42,0.615,29.72,0
SIM0035,80.01,0.498,24.51,0
SIM0036,86.68,0.254,30.23,0
SIM0037,70.52,0.246,21.9,0
SIM0038,61.08,0.674,28.38,0
SIM0039,61.28,0.918,42.8,0
SIM0040,80.46,0.536,37.62,0
SIM0041,81.66,0.604,36.22,0
SIM0042,79.06,0.774,28.48,0
SIM0043,63.35,0.25,25.02,0
SIM0044,75.02,0.831,27.6,0
SIM0045,73.52,0.859,34.72,0
SIM0046,74.84,1.465,40.64,0
SIM0047,83.33,0.452,40.87,0
SIM0048,74.91,0.424,39.1,0
SIM0049,80.83,0.841,30.21,0
SIM0050,72.88,0.858,35.16,0
SIM0051,75.76,0.398,32.91,0
SIM0052,80.21,0.443,33.69,0
SIM0053,53.06,0.764,48.24,0
SIM0054,67.84,0.299,23.55,0
SIM0055,65.89,0.44,33.47,0
SIM0056,63.69,0.61,42.88,0
SIM0057,68.42,0.919,25.47,1
SIM0058,91.43,0.374,30.82,0
SIM0059,60.74,0.03,31.56,0
SIM0060,84.59,0.03,33.55,0
SIM0061,50.12,0.152,24.63,0
SIM0062,67.65,0.134,38.87,0
SIM0063,74.12,0.527,39.33,0
SIM0064,79.62,0.176,38.3,0
SIM0065,81.25,0.341,29.34,0
SIM0066,82.31,0.317,35.56,0
SIM0067,67.47,0.43,29.15,0
SIM0068,65.99,1.03,32.84,0
SIM0069,83.15,0.805,49.0,0
SIM0070,69.51,0.585,35.62,0
SIM0071,55.42,0.423,27.28,0
SIM0072,57.27,0.433,36.17,0
SIM0073,60.05,0.691,26.21,0
SIM0074,78.46,0.779,27.21,0
SIM0075,73.85,0.271,28.23,0
SIM0076,80.98,0.592,32.11,0
SIM0077,66.45,0.03,41.09,0
SIM0078,74.06,0.652,38.76,0
SIM0079,80.13,0.839,38.4,0
SIM0080,67.98,0.485,27.86,0
SIM0081,77.94,1.198,31.48,1
SIM0082,63.39,0.28,36.77,0
SIM0083,67.28,0.654,30.92,0
SIM0084,67.04,0.568,33.19,0
SIM0085,56.45,0.546,37.87,0
SIM0086,78.33,0.541,32.73,0
SIM0087,65.9,0.616,36.47,0
SIM0088,72.16,0.868,45.35,1
SIM0089,78.25,1.048,33.88,0
SIM0090,77.8,0.579,42.67,0
SIM0091,80.65,0.857,38.64,0
SIM0092,70.72,0.341,25.46,0
SIM0093,66.5,0.84,27.84,0
SIM0094,70.96,0.321,29.58,0
SIM0095,50.06,0.951,29.44,0
SIM0096,53.19,1.332,34.41,0
SIM0097,54.8,0.538,39.0,0
SIM0098,59.04,0.03,43.16,0
SIM0099,77.2,0.394,37.0,0
SIM0100,60.23,0.999,32.1,0
SIM0101,67.08,0.768,21.47,0
SIM0102,88.89,0.665,35.46,0
SIM0103,67.37,0.923,35.17,0
SIM0104,81.59,0.745,36.19,0
SIM0105,59.86,0.994,48.69,0
SIM0106,69.33,0.893,43.06,0
SIM0107,59.65,1.097,40.1,0
SIM0108,67.59,0.702,28.75,0
SIM0109,82.92,0.888,31.67,0
SIM0110,49.54,0.476,34.38,0
SIM0111,77.65,0.376,29.96,0
SIM0112,75.09,1.16,38.25,1
SIM0113,64.28,0.654,37.32,0
SIM0114,53.2,0.854,27.93,0
SIM0115,72.94,0.622,42.78,0
SIM0116,65.12,0.381,35.67,0
SIM0117,75.02,0.584,23.76,0
SIM0118,72.28,1.068,34.67,0
SIM0119,92.82,0.769,36.83,0
SIM0120,68.89,0.03,41.32,0
SIM0121,58.69,0.507,32.81,0
SIM0122,74.33,1.186,40.38,1
SIM0123,74.86,0.507,36.22,0
SIM0124,89.67,0.03,26.45,0
SIM0125,82.86,1.224,25.8,1
SIM0126,76.64,0.812,42.3,0
SIM0127,91.02,0.556,42.77,0
SIM0128,56.55,0.454,37.1,0
SIM0129,63.68,0.948,44.72,0
SIM0130,59.95,0.396,41.87,0
SIM0131,66.93,0.97,39.44,0
SIM0132,54.1,0.764,29.08,0
SIM0133,80.26,0.663,46.25,0
SIM0134,69.11,0.629,38.49,0
SIM0135,52.88,0.521,32.49,0
SIM0136,58.8,0.936,30.66,0
SIM0137,76.08,0.286,36.67,0
SIM0138,82.9,0.03,24.14,0
SIM0139,97.96,0.789,39.55,0
SIM0140,109.88,0.795,28.8,0
SIM0141,77.39,0.743,37.41,0
SIM0142,59.14,0.719,31.61,0
SIM0143,44.28,0.471,33.28,0
SIM0144,75.48,0.848,30.08,0
SIM0145,61.43,0.565,33.95,0
SIM0146,66.6,0.414,47.28,0
SIM0147,64.04,0.474,44.0,0
SIM0148,70.17,1.267,37.3,0
SIM0149,85.86,0.03,34.84,0
SIM0150,74.04,0.75,40.49,0
SIM0151,69.94,0.03,42.34,0
SIM0152,58.54,0.543,29.61,0
SIM0153,50.23,0.433,34.5,0
SIM0154,65.68,0.03,23.16,0
SIM0155,71.3,0.712,42.3,0
SIM0156,94.98,0.451,48.42,1
SIM0157,73.69,0.03,35.52,0
SIM0158,84.78,0.865,21.19,0
SIM0159,65.51,1.068,38.96,0
SIM0160,56.6,1.087,29.12,0
SIM0161,59.45,0.702,30.69,0
SIM0162,62.57,0.596,39.07,0
SIM0163,99.67,1.032,36.65,0
SIM0164,61.32,1.152,31.83,0
SIM0165,82.9,0.965,30.78,0
SIM0166,60.26,0.26,35.82,0
SIM0167,84.11,0.648,32.34,0
SIM0168,77.0,0.729,27.79,0
SIM0169,69.96,0.03,32.84,0
SIM0170,71.47,0.74,37.21,0
SIM0171,63.49,1.353,33.84,1
SIM0172,77.8,0.798,25.81,1
SIM0173,66.09,1.081,41.43,0
SIM0174,56.07,0.642,18.0,0
SIM0175,55.39,0.555,32.1,0
SIM0176,74.24,0.71,30.97,0
SIM0177,92.53,0.303,35.96,0
SIM0178,74.08,0.252,38.65,0
SIM0179,70.46,1.011,42.32,0
SIM0180,75.72,1.047,30.37,0
SIM0181,88.98,0.243,38.81,0
SIM0182,74.85,0.909,36.27,0
SIM0183,66.66,0.55,23.87,0
SIM0184,86.38,0.696,47.35,0
SIM0185,77.57,0.736,25.65,0
SIM0186,91.96,0.918,37.73,0
SIM0187,74.38,0.608,37.53,0
SIM0188,56.08,1.059,36.79,0
SIM0189,54.21,0.685,31.79,0
SIM0190,93.46,0.792,40.38,0
SIM0191,94.41,0.297,24.86,0
SIM0192,69.67,1.314,34.57,0
SIM0193,67.02,0.74,31.33,0
SIM0194,91.0,0.822,30.6,0
SIM0195,57.61,0.033,37.79,0
SIM0196,60.37,0.3,42.0,0
SIM0197,80.36,1.001,32.77,1
SIM0198,66.87,0.678,40.07,0
SIM0199,71.93,0.03,35.32,0
SIM0200,69.88,0.933,29.2,1
SIM0201,76.39,0.395,33.32,1
SIM0202,90.3,1.06,33.05,0
SIM0203,73.18,0.55,30.47,0
SIM0204,80.37,0.65,37.79,0
SIM0205,45.35,0.981,36.53,0
SIM0206,71.37,0.275,24.66,0
SIM0207,61.04,0.242,24.27,0
SIM0208,56.16,0.513,37.76,0
SIM0209,60.58,0.861,29.7,0
SIM0210,67.66,0.128,36.96,0
SIM0211,83.91,0.03,40.08,0
SIM0212,54.76,0.86,26.74,0
SIM0213,72.4,0.375,25.83,0
SIM0214,65.71,0.447,45.88,0
SIM0215,67.74,0.03,37.29,0
SIM0216,85.04,0.349,32.27,0
SIM0217,79.0,0.577,28.93,0
SIM0218,89.39,0.896,31.68,0
SIM0219,69.99,0.318,27.26,0
SIM0220,62.95,1.144,40.74,0
SIM0221,69.09,0.347,29.95,0
SIM0222,75.15,0.348,42.11,0
SIM0223,74.3,1.103,32.4,0
SIM0224,57.9,0.652,28.22,0
SIM0225,73.18,0.392,32.23,0
SIM0226,74.97,0.527,18.0,0
SIM0227,104.73,1.04,34.22,0
SIM0228,96.4,1.079,33.89,0
SIM0229,60.91,0.302,40.36,0
SIM0230,68.26,0.566,22.74,0
SIM0231,52.98,0.611,42.55,0
SIM0232,64.32,0.245,40.33,0
SIM0233,76.1,0.561,43.14,0
SIM0234,87.68,0.582,34.66,0
SIM0235,62.52,0.968,41.59,0
SIM0236,63.5,0.991,25.44,0
SIM0237,44.09,0.468,39.63,0
SIM0238,69.89,0.507,29.99,0
SIM0239,58.19,0.806,24.27,0
SIM0240,65.12,0.381,27.69,0
SIM0241,60.6,0.78,35.04,0
SIM0242,70.77,0.55,29.64,0
SIM0243,49.15,0.25,37.44,0
SIM0244,52.93,0.255,23.25,0
SIM0245,99.68,1.072,21.17,1
SIM0246,55.26,0.527,43.92,0
SIM0247,57.74,1.138,40.87,0
SIM0248,95.88,0.405,28.18,1
SIM0249,109.77,0.679,34.98,0
SIM0250,56.77,1.394,41.63,0
SIM0251,67.21,0.22,37.72,0
SIM0252,76.44,0.03,35.96,0
SIM0253,94.47,1.017,42.12,1
SIM0254,59.17,0.299,30.25,0
SIM0255,68.81,0.573,35.2,0
SIM0256,82.11,0.381,34.88,0
SIM0257,77.65,0.671,33.23,0
SIM0258,67.11,0.257,32.47,1
SIM0259,70.26,0.519,35.47,0
SIM0260,54.13,0.733,35.22,0
SIM0261,68.9,0.237,28.19,0
SIM0262,68.54,0.342,40.21,0
SIM0263,75.02,0.462,28.65,0
SIM0264,64.78,0.094,33.58,0
SIM0265,78.13,0.436,33.08,0
SIM0266,85.17,0.62,37.33,0
SIM0267,74.02,0.444,21.23,0
SIM0268,76.57,0.488,40.79,0
SIM0269,72.69,0.573,30.6,0
SIM0270,72.0,0.357,42.93,0
SIM0271,62.62,0.815,31.89,0
SIM0272,76.11,1.068,34.68,0
SIM0273,70.74,0.422,47.44,0
SIM0274,99.21,0.745,33.2,1
SIM0275,92.45,0.499,43.05,0
SIM0276,77.02,0.704,35.25,1
SIM0277,62.08,1.112,37.7,0
SIM0278,57.54,0.753,35.45,0
SIM0279,87.48,0.03,40.51,0
SIM0280,75.42,0.734,30.54,0
SIM0281,78.24,0.999,28.6,0
SIM0282,49.32,0.505,30.85,0
SIM0283,84.06,0.919,35.65,0
SIM0284,77.91,0.345,33.56,0
SIM0285,57.56,0.075,39.62,0
SIM0286,65.87,0.628,43.48,0
SIM0287,75.43,0.03,28.66,0
SIM0288,72.68,0.498,30.23,0
SIM0289,68.2,1.018,25.66,0
SIM0290,70.65,0.03,48.2,0
SIM0291,68.72,0.145,36.98,0
SIM0292,73.98,0.229,38.12,0
SIM0293,91.13,0.558,26.29,0
SIM0294,40.0,0.456,34.99,0
SIM0295,68.92,1.056,38.31,0
SIM0296,74.29,0.904,33.36,0
SIM0297,75.85,0.748,41.99,0
SIM0298,67.17,0.63,50.03,0
SIM0299,49.16,0.714,28.84,0
SIM0300,76.26,0.287,28.36,0
SIM0301,94.46,0.871,29.29,0
SIM0302,52.06,0.202,45.44,0
SIM0303,83.23,0.864,41.78,0
SIM0304,67.73,0.983,34.12,0
SIM0305,71.2,0.652,35.24,0
SIM0306,58.31,0.52,29.69,0
SIM0307,67.65,0.716,40.79,1
SIM0308,88.9,0.03,32.53,0
SIM0309,79.57,0.683,33.31,0
SIM0310,94.52,0.541,38.96,0
SIM0311,87.31,0.563,33.78,0
SIM0312,77.71,0.82,33.47,0
SIM0313,94.67,0.555,35.07,1
SIM0314,77.71,0.192,40.17,0
SIM0315,82.76,0.532,45.7,0
SIM0316,68.14,0.603,38.81,0
SIM0317,72.87,0.619,40.22,0
SIM0318,62.93,0.635,33.7,0
SIM0319,84.86,0.933,30.4,0
SIM0320,56.68,0.211,39.25,0
SIM0321,82.17,0.64,36.11,0
SIM0322,69.52,1.019,25.75,0
SIM0323,87.23,0.03,32.87,0
SIM0324,81.76,0.641,34.46,0
SIM0325,95.67,0.381,31.68,0
SIM0326,81.5,0.454,44.63,0
SIM0327,51.56,0.272,38.12,0
SIM0328,71.13,0.522,43.93,0
SIM0329,56.76,1.206,36.71,0
SIM0330,65.26,0.15,35.53,0
SIM0331,91.65,0.182,28.91,0
SIM0332,80.29,0.137,35.08,0
SIM0333,62.91,1.167,35.08,0
SIM0334,58.82,0.423,26.11,0
SIM0335,72.43,0.571,31.49,0
SIM0336,56.18,0.443,32.9,0
SIM0337,63.28,0.259,37.69,0
SIM0338,76.06,0.5,38.0,0
SIM0339,87.02,1.416,31.22,0
SIM0340,79.91,1.053,38.05,0
SIM0341,42.21,0.29,33.82,0
SIM0342,75.96,0.8,18.0,0
SIM0343,72.94,0.297,31.85,0
SIM0344,77.38,0.03,42.01,0
SIM0345,93.01,0.927,24.07,1
SIM0346,45.18,0.974,35.73,0
SIM0347,64.32,0.936,45.3,0
SIM0348,79.68,0.42,30.06,0
SIM0349,51.44,0.523,35.01,0
SIM0350,91.19,0.835,26.52,0
SIM0351,76.79,0.713,45.58,0
SIM0352,83.01,0.446,34.46,0
SIM0353,64.58,0.03,35.3,0
SIM0354,82.58,0.619,43.8,0
SIM0355,85.89,0.947,39.3,0
SIM0356,75.03,0.173,29.31,0
SIM0357,75.05,0.797,30.79,0
SIM0358,75.51,0.693,38.22,0
SIM0359,60.78,0.835,30.94,0
SIM0360,70.08,0.876,21.24,0
SIM0361,70.02,0.344,34.65,0
SIM0362,76.98,0.03,25.38,0
SIM0363,85.0,0.399,45.51,0
SIM0364,58.24,0.882,36.15,0
SIM0365,70.37,0.396,29.12,0
SIM0366,91.26,0.344,30.46,0
SIM0367,62.33,0.03,22.72,0
SIM0368,61.31,1.176,27.85,0
SIM0369,74.63,0.861,41.61,0
SIM0370,82.98,0.842,49.51,0
SIM0371,72.15,0.909,39.72,0
SIM0372,89.28,0.776,34.4,0
SIM0373,83.14,0.497,32.19,0
SIM0374,82.94,0.524,28.78,0
SIM0375,79.2,0.435,48.39,0
SIM0376,102.26,1.476,33.77,1
SIM0377,69.33,0.769,48.75,0
SIM0378,45.95,0.422,44.06,0
SIM0379,92.86,0.738,23.68,0
SIM0380,66.05,0.236,30.67,0
SIM0381,73.4,1.092,30.65,0
SIM0382,89.02,0.355,34.48,0
SIM0383,51.17,0.75,34.61,0
SIM0384,55.73,0.942,54.48,0
SIM0385,51.18,0.711,28.0,0
SIM0386,61.68,0.612,36.49,0
SIM0387,77.72,0.584,39.01,0
SIM0388,78.81,0.561,34.99,1
SIM0389,75.59,0.384,35.72,0
SIM0390,53.63,0.427,28.21,0
SIM0391,41.97,1.083,35.69,0
SIM0392,72.71,0.543,38.32,0
SIM0393,65.87,0.313,37.13,0
SIM0394,77.97,0.404,38.71,0
SIM0395,81.13,0.954,44.18,1
SIM0396,73.8,0.81,41.09,0
SIM0397,81.88,0.771,35.46,0
SIM0398,74.98,0.492,27.38,0
SIM0399,78.89,0.775,31.1,0
SIM0400,62.84,0.361,33.57,0
SIM0401,69.67,0.492,36.64,0
SIM0402,74.56,0.91,31.89,0
SIM0403,82.67,0.877,28.92,0
SIM0404,66.88,0.246,27.28,0
SIM0405,78.78,0.289,24.27,0
SIM0406,68.54,0.617,33.47,0
SIM0407,70.47,1.167,25.45,0
SIM0408,82.78,0.03,28.5,0
SIM0409,46.09,0.675,32.44,0
SIM0410,55.15,0.112,26.32,0
SIM0411,52.73,0.364,37.47,0
SIM0412,41.66,0.456,39.81,0
SIM0413,63.18,0.437,31.43,0
SIM0414,81.74,0.399,32.16,0
SIM0415,68.3,0.582,38.49,0
SIM0416,74.57,0.398,30.36,0
SIM0417,86.16,0.083,29.91,0
SIM0418,89.26,0.845,42.78,0
SIM0419,71.1,0.836,40.75,0
SIM0420,89.6,0.867,38.91,0
SIM0421,73.2,0.056,41.02,0
SIM0422,61.11,0.682,22.15,0
SIM0423,64.27,0.81,43.8,0
SIM0424,52.75,0.229,37.55,0
SIM0425,60.45,0.583,41.57,0
SIM0426,67.35,0.54,37.52,0
SIM0427,82.45,1.206,35.32,1
SIM0428,94.37,1.234,33.21,1
SIM0429,54.03,0.03,37.39,0
SIM0430,77.11,1.428,32.97,0
SIM0431,58.47,0.269,40.64,0
SIM0432,78.17,0.913,24.69,1
SIM0433,70.3,0.91,31.48,0
SIM0434,48.2,0.241,48.29,0
SIM0435,84.07,0.748,30.93,0
SIM0436,64.13,0.543,33.45,0
SIM0437,65.06,0.768,29.26,0
SIM0438,58.09,0.658,37.18,0
SIM0439,63.49,0.987,30.21,0
SIM0440,77.56,0.606,33.79,0
SIM0441,69.54,0.523,40.52,0
SIM0442,76.27,0.953,30.46,0
SIM0443,76.7,0.777,40.13,0
SIM0444,89.17,0.829,40.34,0
SIM0445,67.54,0.354,41.86,0
SIM0446,52.8,0.225,35.91,0
SIM0447,85.87,0.387,56.0,0
SIM0448,67.69,0.369,41.85,0
SIM0449,86.49,0.847,37.11,0
SIM0450,76.98,0.912,29.31,0
SIM0451,70.3,0.527,34.37,0
SIM0452,76.53,1.067,44.27,1
SIM0453,97.36,1.045,46.11,0
SIM0454,99.0,0.663,44.61,0
SIM0455,72.9,0.301,40.1,0
SIM0456,74.08,1.116,26.84,0
SIM0457,85.99,0.559,38.17,0
SIM0458,61.01,0.623,26.93,0
SIM0459,76.33,0.465,25.33,0
SIM0460,71.66,0.277,36.55,0
SIM0461,76.08,0.081,38.4,0
SIM0462,61.17,0.795,40.87,0
SIM0463,51.34,0.314,38.23,0
SIM0464,45.05,1.62,38.46,0
SIM0465,57.47,0.211,28.6,0
SIM0466,66.04,0.152,34.32,0
SIM0467,68.19,0.753,25.2,0
SIM0468,97.18,1.1,21.98,1
SIM0469,86.38,0.602,39.81,0
SIM0470,59.49,0.775,30.1,0
SIM0471,76.52,0.03,40.67,0
SIM0472,66.71,0.35,42.2,0
SIM0473,68.3,0.215,30.97,0
SIM0474,74.41,0.03,38.84,0
SIM0475,80.05,0.62,30.7,0
SIM0476,67.59,0.03,23.0,0
SIM0477,85.83,0.13,35.8,0
SIM0478,57.15,0.397,31.94,0
SIM0479,72.08,0.297,32.14,0
SIM0480,105.77,0.715,47.84,1
SIM0481,74.9,0.684,25.08,0
SIM0482,90.63,0.884,37.49,0
SIM0483,73.19,0.836,28.53,0
SIM0484,79.55,0.968,40.9,1
SIM0485,71.26,0.579,36.94,0
SIM0486,69.78,0.683,37.47,0
SIM0487,61.87,0.754,28.86,0
SIM0488,77.59,0.628,30.02,0
SIM0489,60.93,0.445,41.03,0
SIM0490,80.65,0.467,46.51,0
SIM0491,86.11,0.302,38.12,0
SIM0492,76.76,0.723,29.17,0
SIM0493,68.28,0.548,37.2,0
SIM0494,77.9,0.355,50.78,1
SIM0495,67.99,0.355,35.67,0
SIM0496,84.16,0.168,44.5,0
SIM0497,48.19,0.913,30.19,0
SIM0498,67.64,0.607,34.73,0
SIM0499,46.12,0.287,39.03,0
SIM0500,52.56,0.855,37.58,0
SIM0501,89.73,0.389,30.02,0
SIM0502,83.64,0.102,29.74,0
SIM0503,62.65,0.927,41.42,0
SIM0504,52.47,0.397,42.75,0
SIM0505,40.0,0.441,44.83,0
SIM0506,64.93,0.594,46.73,0
SIM0507,103.47,0.968,35.88,1
SIM0508,77.65,0.587,32.98,0
SIM0509,64.73,0.172,43.78,0
SIM0510,78.05,0.765,39.63,0
SIM0511,51.71,0.415,28.61,0
SIM0512,68.13,1.222,28.28,0
SIM0513,73.29,0.58,38.2,0
SIM0514,70.88,0.03,33.85,0
SIM0515,82.28,0.702,34.83,0
SIM0516,76.48,1.241,41.97,1
SIM0517,80.69,1.116,39.93,0
SIM0518,63.05,1.203,43.64,0
SIM0519,83.67,0.233,22.45,0
SIM0520,93.18,0.89,36.65,1
SIM0521,59.39,0.335,39.52,0
SIM0522,60.46,0.656,25.08,0
SIM0523,89.37,0.147,30.74,0
SIM0524,69.51,0.361,29.54,0
SIM0525,90.25,0.35,35.14,0
SIM0526,66.25,0.886,45.58,0
SIM0527,90.92,0.852,48.15,0
SIM0528,73.71,0.674,29.71,0
SIM0529,75.36,0.121,38.42,0
SIM0530,92.34,0.474,38.63,0
SIM0531,67.3,0.326,37.52,0
SIM0532,59.77,0.876,37.59,0
SIM0533,66.17,0.981,36.97,0
SIM0534,77.88,0.939,45.97,1
SIM0535,51.65,0.323,42.17,0
SIM0536,80.29,0.03,28.11,0
SIM0537,65.0,0.03,40.17,0
SIM0538,86.92,1.063,40.8,0
SIM0539,40.87,0.444,37.05,0
SIM0540,61.77,0.325,42.35,0
SIM0541,50.08,1.139,36.22,0
SIM0542,61.26,1.01,36.3,0
SIM0543,75.22,0.588,35.79,0
SIM0544,69.67,0.48,21.88,0
SIM0545,68.71,0.535,34.48,0
SIM0546,69.93,0.657,30.66,0
SIM0547,74.64,1.124,27.29,0
SIM0548,58.89,0.724,44.32,0
SIM0549,81.19,0.827,38.28,0
SIM0550,80.61,0.978,34.81,0
SIM0551,77.01,0.182,31.33,1
SIM0552,79.23,0.837,36.93,0
SIM0553,75.85,0.48,41.44,0
SIM0554,98.46,0.03,29.62,0
SIM0555,70.87,0.03,34.97,0
SIM0556,68.01,0.234,40.64,0
SIM0557,62.2,0.761,22.42,0
SIM0558,58.58,0.619,34.63,0
SIM0559,55.82,0.643,32.21,0
SIM0560,60.45,1.243,34.13,0
SIM0561,71.08,0.149,31.74,0
SIM0562,76.35,0.571,35.89,0
SIM0563,72.66,0.684,47.5,0
SIM0564,62.05,0.33,32.89,0
SIM0565,83.7,0.59,36.9,0
SIM0566,81.61,0.036,47.97,0
SIM0567,69.92,1.059,31.42,0
SIM0568,63.51,0.348,46.8,0
SIM0569,79.13,1.271,35.03,0
SIM0570,74.44,0.569,46.58,0
SIM0571,53.17,0.93,39.88,0
SIM0572,71.12,0.562,37.0,0
SIM0573,75.41,0.57,34.57,0
SIM0574,60.3,0.381,30.94,0
SIM0575,74.47,0.621,35.49,0
SIM0576,53.09,0.688,40.83,0
SIM0577,89.37,0.313,34.91,0
SIM0578,88.22,0.537,32.94,0
SIM0579,68.72,0.373,33.37,0
SIM0580,76.72,1.362,41.45,1
SIM0581,40.67,0.549,42.96,0
SIM0582,56.97,1.105,30.66,0
SIM0583,68.18,0.513,30.65,0
SIM0584,58.06,0.668,37.47,0
SIM0585,81.29,0.131,44.93,0
SIM0586,97.96,0.428,42.45,0
SIM0587,56.7,0.652,26.86,0
SIM0588,61.11,1.119,33.28,0
SIM0589,75.06,0.655,28.95,0
SIM0590,92.94,1.05,33.26,0
SIM0591,56.11,0.798,45.43,0
SIM0592,75.24,1.133,25.75,1
SIM0593,95.68,0.56,24.48,0
SIM0594,50.53,1.393,29.61,0
SIM0595,55.35,0.415,36.87,0
SIM0596,66.49,0.319,39.03,0
SIM0597,65.23,0.169,37.84,0
SIM0598,82.56,1.373,42.64,0
SIM0599,75.14,0.859,23.54,0
SIM0600,48.93,0.466,42.72,0
SIM0601,78.7,1.005,32.97,0
SIM0602,64.49,0.814,39.75,0
SIM0603,88.57,1.248,26.4,0
SIM0604,63.84,0.054,35.03,0
SIM0605,63.72,0.49,36.54,0
SIM0606,79.03,0.423,42.51,0
SIM0607,81.92,0.03,24.7,0
SIM0608,77.83,0.941,35.2,0
SIM0609,50.09,0.488,27.95,0
SIM0610,78.99,0.831,38.29,0
SIM0611,58.55,1.382,40.05,0
SIM0612,75.06,0.46,43.37,0
SIM0613,53.49,0.437,31.52,0
SIM0614,77.8,0.62,41.03,0
SIM0615,61.51,0.916,43.85,0
SIM0616,55.33,0.387,24.32,0
SIM0617,81.28,0.365,38.98,0
SIM0618,75.14,0.939,41.23,0
SIM0619,64.02,0.709,33.32,0
SIM0620,90.87,0.03,27.13,0
SIM0621,66.27,0.163,41.13,0
SIM0622,72.42,1.09,27.2,0
SIM0623,75.5,0.717,33.84,0
SIM0624,63.94,0.321,34.74,0
SIM0625,78.12,0.522,39.65,0
SIM0626,65.07,0.585,30.93,0
SIM0627,66.65,0.83,30.55,0
SIM0628,89.71,0.118,35.64,0
SIM0629,58.47,0.294,41.54,0
SIM0630,40.63,0.673,49.87,0
SIM0631,92.94,0.546,25.2,0
SIM0632,105.14,0.774,37.05,0
SIM0633,66.73,0.162,27.94,0
SIM0634,46.82,0.701,41.62,0
SIM0635,67.96,0.951,28.9,0
SIM0636,68.28,0.746,30.61,0
SIM0637,69.53,0.627,31.17,1
SIM0638,57.53,0.547,34.5,0
SIM0639,79.53,0.296,37.1,0
SIM0640,78.82,0.556,38.14,0
SIM0641,52.57,1.008,34.96,0
SIM0642,81.09,0.54,26.36,0
SIM0643,98.68,0.277,39.73,0
SIM0644,74.24,0.413,34.66,0
SIM0645,67.61,0.648,42.55,0
SIM0646,70.15,0.453,30.4,0
SIM0647,80.0,0.745,24.59,0
SIM0648,49.5,0.758,34.78,0
SIM0649,74.14,0.882,43.42,0
SIM0650,66.92,1.064,36.05,0
SIM0651,96.02,0.919,33.7,0
SIM0652,69.74,0.262,29.34,0
SIM0653,93.68,0.273,46.43,0
SIM0654,57.65,0.554,28.31,0
SIM0655,79.63,0.427,30.28,0
SIM0656,76.15,0.193,38.71,0
SIM0657,60.7,0.43,22.94,1
SIM0658,74.31,0.419,43.28,0
SIM0659,87.76,0.352,39.06,0
SIM0660,67.79,0.473,40.85,0
SIM0661,50.0,0.981,38.63,0
SIM0662,71.77,0.648,33.95,0
SIM0663,60.27,1.42,28.09,0
SIM0664,67.55,0.638,34.09,0
SIM0665,70.94,0.481,28.66,0
SIM0666,49.83,0.581,38.16,0
SIM0667,51.0,0.667,40.24,0
SIM0668,78.27,0.728,44.6,0
SIM0669,65.2,1.286,37.42,0
SIM0670,40.0,0.293,41.01,0
SIM0671,82.2,0.872,33.07,0
SIM0672,75.54,0.651,31.89,0
SIM0673,62.72,0.046,38.08,0
SIM0674,54.88,0.842,32.49,0
SIM0675,82.87,1.011,36.75,0
SIM0676,76.54,0.289,28.1,0
SIM0677,102.97,0.577,29.27,0
SIM0678,77.46,0.03,39.13,0
SIM0679,77.04,0.152,40.76,0
SIM0680,69.83,0.936,28.59,0
SIM0681,82.62,0.421,39.36,0
SIM0682,80.13,0.203,31.54,0
SIM0683,88.27,0.658,35.11,0
SIM0684,65.22,0.402,44.21,0
SIM0685,66.34,0.42,40.25,0
SIM0686,65.77,0.831,40.17,0
SIM0687,82.28,0.185,47.41,0
SIM0688,91.48,0.272,30.42,0
SIM0689,66.04,0.632,28.59,0
SIM0690,66.48,0.91,30.31,0
SIM0691,76.08,1.001,33.35,0
SIM0692,68.81,0.354,19.7,0
SIM0693,84.38,0.899,33.65,0
SIM0694,42.73,0.313,31.46,0
SIM0695,61.25,1.201,40.09,0
SIM0696,61.83,0.195,37.29,0
SIM0697,41.84,1.032,31.1,0
SIM0698,59.47,0.357,38.83,0
SIM0699,60.1,1.265,39.7,1
SIM0700,69.39,0.781,30.0,0
SIM0701,86.47,0.235,31.8,0
SIM0702,68.81,0.402,20.54,0
SIM0703,58.6,0.846,27.91,0
SIM0704,71.26,0.938,30.17,0
SIM0705,85.64,0.556,35.48,1
SIM0706,59.31,0.595,28.86,0
SIM0707,60.16,0.838,31.66,0
SIM0708,79.26,0.625,27.04,0
SIM0709,69.12,0.14,36.11,0
SIM0710,80.42,0.304,37.77,0
SIM0711,71.82,0.66,37.62,0
SIM0712,81.12,0.993,35.08,1
SIM0713,58.54,1.129,24.98,0
SIM0714,71.84,0.845,30.97,0
SIM0715,69.26,0.678,32.35,0
SIM0716,56.19,0.835,32.38,0
SIM0717,51.67,0.353,35.49,0
SIM0718,80.91,0.528,44.27,0
SIM0719,67.44,0.3,40.28,0
SIM0720,58.71,0.155,28.58,0
SIM0721,70.75,0.693,39.41,0
SIM0722,86.66,0.643,39.16,0
SIM0723,42.35,0.814,29.76,0
SIM0724,52.54,0.766,40.52,0
SIM0725,60.0,0.662,33.96,0
SIM0726,91.0,0.769,25.84,0
SIM0727,75.67,0.565,37.96,0
SIM0728,81.98,0.72,36.41,1
SIM0729,57.18,0.333,33.52,0
SIM0730,57.45,0.706,34.76,0
SIM0731,77.82,0.807,30.33,0
SIM0732,72.76,0.352,38.97,0
SIM0733,79.13,0.598,34.72,0
SIM0734,69.56,0.368,36.08,0
SIM0735,75.62,0.401,37.32,0
SIM0736,74.06,0.198,27.5,0
SIM0737,82.11,1.01,29.19,1
SIM0738,82.49,0.942,20.64,0
SIM0739,50.94,0.763,38.67,0
SIM0740,42.79,1.251,27.12,0
SIM0741,85.02,0.516,35.86,0
SIM0742,87.44,1.611,37.41,0
SIM0743,58.73,0.503,38.92,0
SIM0744,47.82,0.667,27.17,0
SIM0745,73.29,0.445,34.58,0
SIM0746,84.1,0.707,45.86,0
SIM0747,95.37,0.864,46.14,0
SIM0748,78.71,0.541,41.42,0
SIM0749,67.17,1.184,37.19,0
SIM0750,60.39,0.661,28.47,0
SIM0751,72.15,0.672,39.67,0
SIM0752,68.11,0.271,33.97,0
SIM0753,58.8,0.722,38.64,0
SIM0754,98.63,0.534,30.89,0
SIM0755,95.21,0.373,33.88,0
SIM0756,86.77,0.316,36.07,0
SIM0757,60.03,1.488,36.6,0
SIM0758,83.12,0.49,38.21,0
SIM0759,80.32,0.085,31.24,0
SIM0760,77.75,0.343,26.27,0
SIM0761,88.25,0.562,45.56,0
SIM0762,80.26,0.766,51.18,0
SIM0763,81.62,0.769,37.91,0
SIM0764,80.28,0.81,26.39,0
SIM0765,76.43,0.361,29.97,0
SIM0766,48.81,0.696,38.31,0
SIM0767,73.09,0.282,43.72,0
SIM0768,64.77,0.369,27.12,0
SIM0769,55.36,0.268,34.19,0
SIM0770,93.86,0.176,36.27,0
SIM0771,94.48,0.942,40.62,0
SIM0772,89.67,0.814,32.77,1
SIM0773,75.32,0.912,24.84,0
SIM0774,89.56,0.593,39.04,0
SIM0775,72.16,0.844,42.31,0
SIM0776,74.64,0.03,34.46,0
SIM0777,57.78,0.873,37.63,0
SIM0778,77.16,0.64,31.92,0
SIM0779,72.79,0.793,29.5,0
SIM0780,55.07,0.709,41.67,0
SIM0781,71.33,0.244,37.52,0
SIM0782,70.96,0.071,38.19,0
SIM0783,95.37,0.338,44.76,0
SIM0784,83.62,0.772,28.14,0
SIM0785,72.15,0.815,31.41,0
SIM0786,75.23,0.115,36.03,0
SIM0787,72.57,0.246,31.33,0
SIM0788,69.36,0.334,40.09,0
SIM0789,57.93,0.459,33.78,0
SIM0790,70.04,0.117,28.55,0
SIM0791,62.3,0.097,35.43,0
SIM0792,55.75,0.301,36.11,0
SIM0793,78.65,0.609,41.08,0
SIM0794,77.09,0.179,37.56,0
SIM0795,48.77,0.541,38.0,0
SIM0796,70.41,0.94,37.08,0
SIM0797,84.94,0.137,33.78,0
SIM0798,85.77,0.51,30.34,0
SIM0799,85.34,0.928,36.88,0
SIM0800,72.51,0.438,32.83,0
SIM0801,61.01,0.385,45.98,0
SIM0802,57.91,0.976,43.72,0
SIM0803,76.48,0.476,39.11,0
SIM0804,76.93,0.956,37.46,0
SIM0805,88.74,0.726,34.43,0
SIM0806,86.3,0.463,26.8,1
SIM0807,70.28,0.743,33.59,0
SIM0808,55.83,0.689,35.66,0
SIM0809,67.85,0.927,36.49,0
SIM0810,74.82,0.394,38.05,0
SIM0811,69.37,0.594,40.99,0
SIM0812,64.49,0.559,30.5,0
SIM0813,75.29,0.819,30.56,0
SIM0814,65.45,0.231,44.43,0
SIM0815,63.84,0.926,40.01,0
SIM0816,76.05,0.739,32.46,0
SIM0817,66.77,0.132,34.3,0
SIM0818,75.17,0.991,34.33,0
SIM0819,75.55,1.34,35.21,0
SIM0820,57.19,0.921,38.07,0
SIM0821,65.74,1.065,51.48,0
SIM0822,90.69,0.609,36.23,0
SIM0823,56.89,0.03,39.31,0
SIM0824,44.48,0.03,24.04,0
SIM0825,47.8,0.667,31.85,0
SIM0826,72.38,0.379,42.99,0
SIM0827,72.4,0.269,37.62,0
SIM0828,70.47,0.559,18.0,0
SIM0829,87.78,0.789,39.38,0
SIM0830,40.0,0.086,47.47,0
SIM0831,77.15,0.427,22.03,0
SIM0832,92.3,1.093,44.88,0
SIM0833,57.34,0.214,18.0,0
SIM0834,67.06,0.876,41.1,0
SIM0835,62.21,0.415,34.94,0
SIM0836,60.37,0.766,19.73,0
SIM0837,67.76,0.953,37.9,0
SIM0838,90.56,0.832,42.48,1
SIM0839,95.89,0.889,37.37,0
SIM0840,67.63,0.188,38.8,0
SIM0841,96.77,0.959,32.32,0
SIM0842,72.46,0.29,22.9,0
SIM0843,94.8,0.668,39.5,0
SIM0844,70.79,0.668,46.37,0
SIM0845,73.7,0.745,42.34,0
SIM0846,76.75,0.695,22.08,0
SIM0847,112.0,0.293,25.15,0
SIM0848,83.07,0.121,29.5,0
SIM0849,62.81,0.877,24.65,0
SIM0850,84.6,0.643,35.29,0
SIM0851,67.3,0.971,37.56,0
SIM0852,65.63,0.565,25.7,0
SIM0853,83.81,0.102,40.05,0
SIM0854,72.4,0.908,38.91,0
SIM0855,75.62,0.454,31.44,0
SIM0856,72.18,0.696,33.88,0
SIM0857,76.38,0.36,22.33,0
SIM0858,77.52,1.139,32.84,1
SIM0859,46.82,0.282,35.05,0
SIM0860,80.67,0.465,36.1,0
SIM0861,59.23,0.617,37.46,0
SIM0862,53.25,0.209,36.59,0
SIM0863,71.24,0.692,33.28,0
SIM0864,73.09,1.128,36.86,0
SIM0865,62.98,0.413,41.51,0
SIM0866,82.8,0.714,34.38,0
SIM0867,54.55,0.03,37.06,0
SIM0868,66.71,0.567,33.79,0
SIM0869,64.4,0.474,30.8,0
SIM0870,71.39,0.302,38.4,0
SIM0871,75.63,0.948,31.39,0
SIM0872,58.9,0.469,37.51,0
SIM0873,81.42,0.52,35.18,0
SIM0874,72.82,0.452,33.02,0
SIM0875,47.4,0.03,32.87,0
SIM0876,46.54,0.195,31.7,0
SIM0877,71.84,0.907,24.3,0
SIM0878,69.13,0.03,37.49,0
SIM0879,70.66,0.319,36.51,0
SIM0880,71.64,0.444,40.52,0
SIM0881,74.93,1.173,31.55,0
SIM0882,84.32,0.841,47.32,0
SIM0883,57.56,0.391,32.53,0
SIM0884,56.76,1.024,29.31,0
SIM0885,57.79,0.328,28.54,0
SIM0886,75.76,0.923,23.73,0
SIM0887,88.18,0.118,44.96,0
SIM0888,66.39,0.945,43.91,0
SIM0889,40.0,0.442,38.9,0
SIM0890,49.85,0.23,29.18,0
SIM0891,61.17,0.506,46.77,0
SIM0892,64.75,0.674,32.71,0
SIM0893,66.69,0.412,33.25,0
SIM0894,72.5,0.768,44.34,0
SIM0895,67.95,0.382,39.28,0
SIM0896,85.64,0.791,49.31,0
SIM0897,63.21,0.73,36.62,0
SIM0898,60.79,0.559,32.42,0
SIM0899,78.23,0.43,31.02,0
SIM0900,52.04,0.632,22.99,0
SIM0901,77.07,0.767,33.19,0
SIM0902,73.33,1.281,42.44,0
SIM0903,70.08,0.899,38.89,0
SIM0904,92.65,0.912,35.13,0
SIM0905,63.91,1.63,28.53,0
SIM0906,98.78,0.755,36.47,0
SIM0907,69.07,0.745,41.58,0
SIM0908,55.4,0.819,37.8,0
SIM0909,72.91,0.237,36.08,0
SIM0910,58.01,0.429,29.82,0
SIM0911,62.23,0.408,40.64,0
SIM0912,77.16,0.8,18.0,0
SIM0913,79.22,0.521,37.49,0
SIM0914,63.91,0.627,51.71,0
SIM0915,84.84,0.95,25.2,0
SIM0916,87.05,0.873,33.43,1
SIM0917,90.67,0.525,34.95,0
SIM0918,78.88,0.352,31.99,0
SIM0919,89.72,0.966,41.74,0
SIM0920,47.55,0.843,38.07,0
SIM0921,67.87,0.034,35.99,1
SIM0922,60.73,0.474,40.18,0
SIM0923,73.55,0.636,35.11,0
SIM0924,64.57,0.845,55.67,0
SIM0925,69.84,0.889,35.98,0
SIM0926,96.47,0.677,36.27,0
SIM0927,69.79,0.779,23.88,0
SIM0928,77.38,0.602,31.47,0
SIM0929,68.98,0.351,42.46,0
SIM0930,72.98,0.491,26.32,0
SIM0931,72.08,0.586,20.98,0
SIM0932,77.83,0.568,35.21,0
SIM0933,87.15,0.03,43.91,0
SIM0934,93.42,0.445,35.28,0
SIM0935,76.03,0.599,32.82,1
SIM0936,79.66,0.484,22.92,0
SIM0937,57.04,0.496,37.94,0
SIM0938,70.86,0.746,39.3,0
SIM0939,84.22,0.213,23.42,0
SIM0940,83.26,0.03,42.37,0
SIM0941,74.75,0.462,39.98,0
SIM0942,83.52,0.84,42.36,0
SIM0943,78.38,1.154,38.79,1
SIM0944,87.6,0.846,39.25,0
SIM0945,75.76,0.081,38.38,0
SIM0946,67.38,0.501,40.65,0
SIM0947,76.37,0.667,23.18,0
SIM0948,40.0,0.64,25.24,0
SIM0949,76.98,0.763,30.22,0
SIM0950,40.0,0.268,34.16,0
SIM0951,49.59,0.602,37.52,0
SIM0952,77.87,0.723,37.11,0
SIM0953,78.21,0.861,42.26,0
SIM0954,56.89,0.306,42.47,0
SIM0955,62.74,0.463,29.33,0
SIM0956,89.82,0.03,36.55,0
SIM0957,65.71,0.369,29.49,0
SIM0958,101.16,0.402,33.78,0
SIM0959,71.98,0.233,37.09,0
SIM0960,77.3,0.636,18.0,0
SIM0961,93.02,0.561,50.67,0
SIM0962,73.7,0.03,38.68,0
SIM0963,58.97,0.653,31.13,0
SIM0964,70.57,0.264,47.53,0
SIM0965,71.54,0.745,32.74,0
SIM0966,54.26,0.144,35.86,0
SIM0967,68.67,0.59,31.83,0
SIM0968,62.35,0.484,45.74,0
SIM0969,84.02,0.683,34.32,0
SIM0970,72.45,0.622,35.97,0
SIM0971,68.32,0.493,42.82,1
SIM0972,70.62,0.058,38.8,0
SIM0973,74.9,0.078,34.65,0
SIM0974,80.02,0.381,42.22,0
SIM0975,59.0,0.577,51.5,0
SIM0976,58.46,0.373,37.06,0
SIM0977,86.36,0.793,35.76,0
SIM0978,66.64,0.485,36.11,0
SIM0979,53.58,0.252,43.52,0
SIM0980,77.77,0.485,31.11,0
SIM0981,78.02,0.657,33.19,0
SIM0982,52.1,0.69,25.01,0
SIM0983,74.98,1.219,27.3,0
SIM0984,81.56,0.353,31.63,0
SIM0985,76.87,0.555,34.64,0
SIM0986,80.22,0.725,46.5,0
SIM0987,53.74,0.572,38.48,0
SIM0988,76.3,0.41,29.07,0
SIM0989,68.07,0.053,30.27,0
SIM0990,65.72,0.406,43.94,0
SIM0991,83.32,0.215,42.32,0
SIM0992,91.23,0.03,35.18,0
SIM0993,95.33,0.309,32.12,0
SIM0994,89.09,0.224,42.31,0
SIM0995,70.57,0.778,28.54,0
SIM0996,76.59,0.784,37.55,0
SIM0997,81.97,0.273,49.77,0
SIM0998,73.58,0.492,36.33,0
SIM0999,73.7,0.03,29.96,0
SIM1000,82.71,0.412,37.67,0
SIM1001,71.23,0.716,31.94,0
SIM1002,62.52,0.86,25.94,0
SIM1003,66.61,0.338,39.56,0
SIM1004,80.24,0.938,42.27,0
SIM1005,72.04,0.065,32.98,0
SIM1006,76.42,0.156,32.55,0
SIM1007,80.71,0.821,28.75,0
SIM1008,67.13,1.148,34.03,0
SIM1009,81.83,0.748,31.34,0
SIM1010,76.92,0.566,28.43,0
SIM1011,55.95,0.03,47.3,0
SIM1012,90.75,0.03,38.03,0
SIM1013,65.49,0.624,38.72,0
SIM1014,50.48,0.458,40.74,0
SIM1015,58.41,0.204,40.01,0
SIM1016,58.73,0.602,32.31,0
SIM1017,72.68,0.619,36.77,0
SIM1018,68.44,0.901,33.25,0
SIM1019,67.62,0.626,37.85,0
SIM1020,80.06,0.998,37.22,0
SIM1021,76.42,0.583,32.51,0
SIM1022,76.11,0.541,26.36,0
SIM1023,77.33,0.942,35.95,0
SIM1024,80.01,0.247,33.67,0
SIM1025,44.6,1.537,22.71,0
SIM1026,67.26,0.708,38.3,0
SIM1027,43.66,0.709,41.27,0
SIM1028,72.47,0.759,51.43,0
SIM1029,71.94,1.218,32.46,0
SIM1030,85.59,0.849,31.5,0
SIM1031,87.44,0.034,27.79,0
SIM1032,74.64,1.057,36.36,0
SIM1033,65.5,0.464,36.32,0
SIM1034,78.31,0.616,29.73,0
SIM1035,65.14,0.145,33.86,0
SIM1036,71.98,0.759,22.14,0
SIM1037,84.82,0.359,41.02,0
SIM1038,64.75,0.614,29.99,0
SIM1039,82.47,0.483,34.77,0
SIM1040,80.81,1.235,25.73,0
SIM1041,59.59,1.254,31.21,0
SIM1042,84.66,0.596,33.18,0
SIM1043,81.08,0.602,34.93,0
SIM1044,73.33,0.453,38.12,0
SIM1045,62.09,0.956,44.35,0
SIM1046,60.83,0.468,39.76,0
SIM1047,65.01,0.437,41.25,0
SIM1048,79.05,0.913,44.4,0
SIM1049,59.58,0.397,38.7,0
SIM1050,77.69,0.567,34.76,0
SIM1051,55.86,0.042,41.56,0
SIM1052,69.35,0.819,41.97,0
SIM1053,73.43,1.24,39.22,1
SIM1054,103.79,0.825,25.54,1
SIM1055,54.09,1.077,29.53,0
SIM1056,91.14,0.292,33.21,0
SIM1057,73.95,0.66,40.07,0
SIM1058,77.35,0.259,34.86,0
SIM1059,73.54,0.503,42.39,0
SIM1060,77.78,0.843,43.55,0
SIM1061,70.0,0.615,42.79,0
SIM1062,90.9,0.1,42.84,0
SIM1063,66.07,0.133,28.26,0
SIM1064,86.72,0.11,38.14,0
SIM1065,63.62,0.747,31.05,0
SIM1066,71.22,1.282,24.28,0
SIM1067,58.06,1.043,33.13,0
SIM1068,77.92,0.03,43.61,0
SIM1069,90.79,1.063,37.99,0
SIM1070,70.99,0.898,48.12,0
SIM1071,69.44,0.055,36.15,0
SIM1072,57.51,0.477,50.91,0
SIM1073,69.02,0.952,36.15,0
SIM1074,51.29,0.767,35.15,0
SIM1075,60.13,0.135,26.68,0
SIM1076,74.95,0.788,42.22,0
SIM1077,89.15,0.03,31.74,0
SIM1078,108.52,0.504,30.79,1
SIM1079,64.37,0.967,43.33,0
SIM1080,90.66,0.586,42.53,0
SIM1081,75.17,0.41,42.36,0
SIM1082,70.03,0.882,32.65,0
SIM1083,77.62,0.911,34.67,0
SIM1084,72.8,1.025,34.61,0
SIM1085,73.44,0.877,40.09,0
SIM1086,66.69,0.948,45.1,0
SIM1087,53.82,0.829,37.39,0
SIM1088,51.93,0.67,47.84,0
SIM1089,80.49,0.61,40.83,0
SIM1090,68.4,0.499,33.47,0
SIM1091,64.25,0.168,40.39,0
SIM1092,72.11,0.255,46.09,0
SIM1093,82.33,0.484,47.99,0
SIM1094,74.34,0.662,42.71,0
SIM1095,63.47,1.07,35.17,0
SIM1096,87.94,0.566,33.59,1
SIM1097,92.53,0.921,38.74,1
SIM1098,78.43,0.947,45.88,0
SIM1099,84.66,0.501,37.82,0
SIM1100,88.15,0.782,37.95,0
SIM1101,86.69,0.497,35.33,0
SIM1102,79.98,1.03,32.87,0
SIM1103,79.78,0.796,33.95,1
SIM1104,78.76,0.175,35.88,0
SIM1105,57.73,0.635,46.17,0
SIM1106,81.11,1.14,33.44,0
SIM1107,54.37,0.518,35.34,0
SIM1108,61.67,0.732,29.38,0
SIM1109,88.95,0.766,39.66,0
SIM1110,82.92,0.228,43.88,0
SIM1111,91.34,0.754,45.56,0
SIM1112,68.47,0.106,36.32,0
SIM1113,57.02,0.367,38.73,0
SIM1114,68.87,0.946,34.0,0
SIM1115,73.33,0.701,38.43,0
SIM1116,73.03,0.476,37.04,0
SIM1117,86.74,0.732,35.38,0
SIM1118,67.3,0.56,35.9,0
SIM1119,76.58,0.584,37.94,0
SIM1120,59.15,0.803,33.09,0
SIM1121,77.85,0.333,33.42,0
SIM1122,72.04,0.594,46.1,1
SIM1123,62.25,0.474,52.62,1
SIM1124,68.93,0.041,27.17,0
SIM1125,69.61,0.267,26.81,0
SIM1126,68.49,1.113,28.78,0
SIM1127,95.03,0.711,34.33,0
SIM1128,70.72,0.13,40.82,0
SIM1129,68.83,0.056,38.84,0
SIM1130,44.73,0.542,36.12,0
SIM1131,60.38,1.111,38.44,0
SIM1132,68.58,0.517,30.5,0
SIM1133,63.08,1.024,33.41,0
SIM1134,89.96,0.7,34.87,0
SIM1135,69.86,0.74,24.7,0
SIM1136,88.75,0.126,27.45,0
SIM1137,72.8,0.899,27.71,0
SIM1138,72.48,0.466,39.97,0
SIM1139,70.85,0.873,36.59,0
SIM1140,72.05,0.303,38.97,0
SIM1141,94.34,0.64,23.04,0
SIM1142,41.85,0.7,25.36,0
SIM1143,45.98,0.528,39.31,0
SIM1144,64.94,0.718,18.0,0
SIM1145,72.19,0.489,42.96,0
SIM1146,80.97,0.359,23.15,0
SIM1147,78.15,1.126,40.48,1
SIM1148,67.0,0.937,29.22,0
SIM1149,85.25,0.321,41.82,0
SIM1150,85.39,0.773,55.85,0
SIM1151,74.39,0.327,20.22,0
SIM1152,84.51,0.177,39.52,0
SIM1153,75.54,0.931,23.25,0
SIM1154,64.7,0.03,37.77,0
SIM1155,81.07,0.895,33.66,0
SIM1156,73.44,0.494,35.84,0
SIM1157,72.02,0.508,29.07,0
SIM1158,91.15,0.719,40.07,0
SIM1159,40.14,0.778,25.59,0
SIM1160,53.57,0.299,43.07,0
SIM1161,56.57,0.824,32.34,0
SIM1162,67.28,0.619,25.88,0
SIM1163,68.69,0.153,45.37,0
SIM1164,52.4,0.522,34.56,0
SIM1165,59.19,1.05,47.4,0
SIM1166,60.81,1.15,42.94,0
SIM1167,103.95,0.824,29.81,1
SIM1168,95.42,0.175,34.45,0
SIM1169,66.65,0.747,35.79,0
SIM1170,67.27,0.869,44.92,0
SIM1171,57.06,0.827,37.84,0
SIM1172,47.19,0.847,36.15,0
SIM1173,70.48,0.704,33.7,0
SIM1174,59.03,0.555,34.67,0
SIM1175,70.9,0.373,43.48,0
SIM1176,51.2,0.03,35.02,0
SIM1177,62.09,0.695,32.43,0
SIM1178,73.93,0.643,31.33,0
SIM1179,76.76,0.77,31.4,0
SIM1180,77.43,0.125,25.89,0
SIM1181,54.83,0.799,30.12,0
SIM1182,83.11,1.279,44.74,0
SIM1183,61.6,0.607,33.66,0
SIM1184,80.23,0.559,39.58,0
SIM1185,71.86,0.685,18.89,0
SIM1186,54.11,1.271,38.69,0
SIM1187,67.89,0.232,33.95,0
SIM1188,76.75,0.649,31.87,0
SIM1189,79.97,0.308,36.18,0
SIM1190,70.17,0.394,31.78,0
SIM1191,91.91,0.563,21.19,0
SIM1192,85.1,1.038,40.99,0
SIM1193,68.66,1.192,36.58,0
SIM1194,81.75,0.732,32.96,0
SIM1195,97.14,0.452,28.72,0
SIM1196,97.49,1.428,25.45,1
SIM1197,56.04,0.435,36.46,0
SIM1198,59.96,0.386,45.49,0
SIM1199,91.3,0.03,36.32,1
SIM1200,58.24,1.055,26.01,0
SIM1201,54.81,0.909,36.46,0
SIM1202,65.68,1.402,34.65,1
SIM1203,77.46,0.108,40.62,0
SIM1204,70.67,1.076,38.94,0
SIM1205,63.54,0.604,18.0,0
SIM1206,63.24,0.854,38.54,1
SIM1207,62.74,0.03,28.48,0
SIM1208,60.57,1.079,25.76,0
SIM1209,101.66,0.847,33.77,1
SIM1210,75.87,0.567,37.67,0
SIM1211,83.53,0.799,24.34,0
SIM1212,65.64,0.32,39.58,0
SIM1213,69.58,0.383,39.96,0
SIM1214,62.72,0.422,35.31,0
SIM1215,40.0,0.03,29.36,0
SIM1216,54.09,0.873,28.63,0
SIM1217,48.46,0.985,41.67,0
SIM1218,42.75,0.342,25.18,0
SIM1219,56.46,0.698,41.92,0
SIM1220,89.22,0.49,33.93,0
SIM1221,71.42,0.692,34.38,0
SIM1222,88.78,0.367,23.9,0
SIM1223,77.34,0.28,34.05,0
SIM1224,82.17,0.938,38.99,1
SIM1225,60.29,0.558,26.31,0
SIM1226,78.81,1.268,38.24,0
SIM1227,81.47,0.596,35.58,0
SIM1228,64.5,0.265,30.82,0
SIM1229,79.27,0.997,40.56,0
SIM1230,79.36,0.794,20.69,0
SIM1231,64.86,0.827,37.25,0
SIM1232,57.4,0.985,45.53,0
SIM1233,56.61,0.358,44.36,0
SIM1234,73.12,0.537,37.53,0
SIM1235,76.25,0.522,33.04,0
SIM1236,61.7,0.141,30.87,0
SIM1237,72.35,0.49,33.03,0
SIM1238,79.42,1.034,38.53,0
SIM1239,80.04,0.661,29.75,0
SIM1240,92.17,0.122,39.92,0
SIM1241,88.6,0.051,48.87,0
SIM1242,58.98,1.146,34.6,0
SIM1243,93.89,0.549,26.26,0
SIM1244,65.1,0.36,26.26,0
SIM1245,85.58,0.487,40.05,0
SIM1246,72.88,0.078,34.61,0
SIM1247,66.64,1.064,40.7,0
SIM1248,48.5,0.446,31.53,0
SIM1249,69.77,1.045,40.4,0
SIM1250,51.73,0.598,33.97,0
SIM1251,84.57,1.066,30.24,0
SIM1252,91.72,0.667,32.39,0
SIM1253,61.64,0.87,27.22,0
SIM1254,75.93,0.824,47.93,0
SIM1255,62.57,0.792,34.37,1
SIM1256,63.83,0.698,39.19,0
SIM1257,82.07,0.501,31.51,0
SIM1258,71.5,1.231,28.16,0
SIM1259,94.62,0.272,33.48,0
SIM1260,65.73,0.581,42.16,0
SIM1261,84.99,0.585,31.62,0
SIM1262,73.27,0.717,29.34,1
SIM1263,82.35,0.434,36.01,0
SIM1264,66.19,0.687,38.24,0
SIM1265,71.36,0.523,45.68,0
SIM1266,70.5,0.042,37.3,0
SIM1267,61.13,0.583,39.19,0
SIM1268,80.61,0.206,39.68,0
SIM1269,80.45,0.03,27.51,0
SIM1270,79.72,0.627,28.74,0
SIM1271,91.98,0.746,27.95,0
SIM1272,90.84,0.759,26.34,0
SIM1273,67.13,0.773,40.17,0
SIM1274,76.85,0.03,36.89,0
SIM1275,63.89,0.117,35.52,0
SIM1276,72.3,1.251,18.15,0
SIM1277,64.2,0.224,48.36,0
SIM1278,93.06,0.788,29.19,0
SIM1279,76.73,0.346,48.34,0
SIM1280,69.17,0.607,25.58,0
SIM1281,87.52,0.365,29.72,0
SIM1282,43.78,0.771,20.68,0
SIM1283,45.82,0.627,37.35,0
SIM1284,82.35,0.428,27.84,0
SIM1285,72.79,0.223,28.03,0
SIM1286,75.26,0.671,26.08,0
SIM1287,54.76,0.168,40.05,0
SIM1288,71.7,0.725,39.62,0
SIM1289,98.05,1.473,46.78,1
SIM1290,82.71,1.039,30.54,0
SIM1291,74.21,0.824,36.42,0
SIM1292,66.29,0.551,26.62,0
SIM1293,66.87,0.03,32.82,0
SIM1294,44.32,0.13,31.63,0
SIM1295,75.35,1.016,38.02,0
SIM1296,82.99,0.311,41.61,0
SIM1297,51.52,0.342,41.44,0
SIM1298,63.4,0.524,29.52,0
SIM1299,56.95,0.219,41.49,0
SIM1300,59.45,0.163,34.71,0
SIM1301,72.7,0.563,32.89,0
SIM1302,44.9,0.277,30.39,0
SIM1303,79.99,0.328,31.36,0
SIM1304,81.8,0.314,46.33,0
SIM1305,68.74,0.758,37.0,0
SIM1306,40.0,0.501,36.13,0
SIM1307,59.05,0.519,33.3,0
SIM1308,88.03,0.783,50.9,1
SIM1309,40.0,0.532,43.48,0
SIM1310,67.48,0.485,30.31,0
SIM1311,56.66,0.74,33.22,0
SIM1312,82.46,0.807,33.61,0
SIM1313,63.22,0.53,35.95,0
SIM1314,77.25,0.607,30.44,0
SIM1315,79.35,0.314,37.85,1
SIM1316,95.87,0.287,44.44,1
SIM1317,69.36,0.842,26.46,0
SIM1318,76.89,0.731,27.67,0
SIM1319,52.69,0.735,31.86,0
SIM1320,87.48,0.675,32.16,0
SIM1321,62.11,0.596,47.99,0
SIM1322,64.71,0.817,41.51,0
SIM1323,71.71,0.898,41.14,0
SIM1324,51.68,0.89,33.28,0
SIM1325,74.97,0.546,33.14,0
SIM1326,84.58,1.052,25.56,0
SIM1327,75.81,0.658,40.08,0
SIM1328,51.34,0.795,38.19,0
SIM1329,70.39,0.676,43.36,0
SIM1330,81.65,0.664,33.63,1
SIM1331,47.59,0.33,34.08,0
SIM1332,58.03,0.818,36.11,0
SIM1333,83.4,1.547,40.8,0
SIM1334,75.51,0.453,25.44,0
SIM1335,77.36,0.604,39.78,0
SIM1336,96.17,0.428,34.87,0
SIM1337,78.09,0.414,28.12,1
SIM1338,80.55,1.105,21.45,1
SIM1339,107.24,0.351,34.11,0
SIM1340,69.22,0.419,44.41,0
SIM1341,61.63,0.04,45.89,0
SIM1342,77.56,0.322,37.31,0
SIM1343,77.71,0.03,47.75,0
SIM1344,65.15,0.795,34.72,0
SIM1345,58.58,1.532,41.2,0
SIM1346,102.03,0.455,32.07,0
SIM1347,76.25,0.03,31.66,0
SIM1348,62.48,0.886,30.6,0
SIM1349,83.91,0.333,21.61,0
SIM1350,70.58,1.022,43.37,0
SIM1351,68.71,0.484,30.83,0
SIM1352,79.31,0.365,29.79,0
SIM1353,55.21,0.519,27.33,0
SIM1354,76.58,0.838,33.67,0
SIM1355,96.87,0.503,46.46,0
SIM1356,78.06,0.411,48.61,0
SIM1357,67.11,0.512,24.2,0
SIM1358,65.41,0.148,32.7,0
SIM1359,66.67,0.715,28.28,0
SIM1360,68.7,0.03,41.42,0
SIM1361,67.09,0.429,36.86,0
SIM1362,83.91,0.838,30.86,0
SIM1363,49.47,0.683,35.47,0
SIM1364,83.21,0.781,31.9,0
SIM1365,67.06,0.558,45.49,0
SIM1366,76.9,0.978,38.56,0
SIM1367,57.35,0.894,39.35,0
SIM1368,89.27,0.732,18.0,0
SIM1369,88.19,0.895,34.57,0
SIM1370,84.47,0.835,48.54,0
SIM1371,52.31,0.431,43.62,0
SIM1372,82.78,0.123,22.99,0
SIM1373,77.26,0.723,32.96,0
SIM1374,51.13,0.766,27.19,0
SIM1375,71.68,0.951,46.12,0
SIM1376,76.74,0.262,36.59,0
SIM1377,79.23,0.272,30.01,0
SIM1378,74.3,0.736,35.22,0
SIM1379,75.79,0.556,18.05,0
SIM1380,91.16,0.03,27.95,0
SIM1381,87.94,0.708,35.24,0
SIM1382,40.0,0.03,40.5,0
SIM1383,67.87,0.259,22.38,0
SIM1384,69.86,1.04,32.52,0
SIM1385,49.22,1.2,41.56,0
SIM1386,73.22,0.167,25.57,0
SIM1387,88.23,0.468,36.49,0
SIM1388,57.87,0.594,35.43,0
SIM1389,76.37,1.186,46.14,0
SIM1390,60.09,0.412,33.5,0
SIM1391,63.27,0.418,33.88,0
SIM1392,91.21,1.107,40.56,1
SIM1393,64.95,0.453,26.38,0
SIM1394,78.01,0.826,33.56,0
SIM1395,47.67,0.078,32.04,0
SIM1396,96.21,0.522,34.1,0
SIM1397,79.83,0.03,40.51,0
SIM1398,69.63,0.221,38.6,0
SIM1399,79.48,0.865,30.13,0
SIM1400,53.67,0.563,35.89,0
SIM1401,87.37,0.472,44.69,0
SIM1402,67.79,0.325,29.6,0
SIM1403,69.35,0.505,35.94,0
SIM1404,65.61,0.682,33.74,0
SIM1405,64.45,0.914,34.59,0
SIM1406,81.03,0.03,24.4,0
SIM1407,75.33,0.297,44.17,0
SIM1408,80.47,0.634,29.97,0
SIM1409,71.89,0.546,41.67,0
SIM1410,78.67,0.717,30.96,0
SIM1411,66.55,0.671,30.93,0
SIM1412,100.99,0.476,42.89,0
SIM1413,51.62,0.401,41.46,0
SIM1414,88.39,0.497,36.36,0
SIM1415,89.78,0.971,39.95,0
SIM1416,60.92,0.331,33.12,0
SIM1417,100.98,0.559,34.95,0
SIM1418,84.94,0.642,30.7,0
SIM1419,84.62,1.111,40.88,0
SIM1420,72.36,0.478,30.49,0
SIM1421,69.18,0.906,44.65,0
SIM1422,69.28,0.999,32.95,0
SIM1423,77.08,0.558,35.13,0
SIM1424,90.22,0.508,39.93,0
SIM1425,74.36,0.468,35.16,0
SIM1426,60.15,0.493,33.06,0
SIM1427,82.72,0.87,34.8,0
SIM1428,83.97,0.659,40.81,0
SIM1429,80.51,0.66,30.69,1
SIM1430,81.69,0.197,34.18,0
SIM1431,68.48,0.251,35.07,0
SIM1432,59.92,1.309,40.62,0
SIM1433,60.71,0.52,34.35,0
SIM1434,50.74,0.317,46.75,0
SIM1435,75.08,1.067,33.98,0
SIM1436,70.92,0.676,33.46,0
SIM1437,66.28,0.777,33.89,0
SIM1438,40.0,0.533,26.44,0
SIM1439,55.78,0.472,28.26,0
SIM1440,86.57,0.522,31.55,0
SIM1441,63.36,0.11,42.38,0
SIM1442,76.69,0.55,34.78,0
SIM1443,53.92,0.681,31.85,0
SIM1444,90.7,1.209,42.97,1
SIM1445,70.13,0.609,45.08,0
SIM1446,75.77,0.03,43.16,0
SIM1447,102.24,0.548,29.45,0
SIM1448,91.71,1.511,31.78,0
SIM1449,68.01,0.875,46.79,0
SIM1450,64.29,0.304,36.57,0
SIM1451,67.77,0.781,33.26,0
SIM1452,78.63,0.328,39.67,0
SIM1453,70.63,0.12,41.55,0
SIM1454,66.86,0.462,31.29,0
SIM1455,91.07,0.611,36.43,1
SIM1456,70.52,0.03,41.02,0
SIM1457,101.89,0.189,27.46,0
SIM1458,73.18,0.584,35.08,0
SIM1459,95.21,0.441,27.76,0
SIM1460,76.65,0.714,28.61,0
SIM1461,84.52,0.167,31.34,0
SIM1462,62.58,0.823,38.1,0
SIM1463,60.9,0.178,32.91,0
SIM1464,77.98,1.139,30.79,1
SIM1465,84.85,0.03,35.34,0
SIM1466,72.52,0.209,27.54,0
SIM1467,55.28,0.722,37.79,0
SIM1468,54.32,1.146,42.35,0
SIM1469,53.45,0.687,34.49,0
SIM1470,49.02,0.771,33.68,0
SIM1471,73.42,0.586,37.43,0
SIM1472,86.63,0.231,21.81,0
SIM1473,71.83,0.413,38.49,0
SIM1474,42.61,0.168,55.16,0
SIM1475,69.52,0.145,34.2,0
SIM1476,69.88,0.717,34.23,0
SIM1477,99.25,0.198,39.83,0
SIM1478,53.06,0.689,45.69,0
SIM1479,66.92,0.137,41.34,0
SIM1480,94.18,0.681,20.99,0
SIM1481,77.85,0.414,38.66,0
SIM1482,79.32,1.058,51.72,1
SIM1483,73.49,0.69,39.05,0
SIM1484,76.29,1.0,27.5,0
SIM1485,82.11,0.323,36.83,0
SIM1486,61.48,0.599,26.68,0
SIM1487,83.41,0.246,43.01,0
SIM1488,54.15,0.439,28.79,0
SIM1489,76.27,0.491,35.48,0
SIM1490,74.32,0.333,29.42,0
SIM1491,63.99,0.167,31.45,0
SIM1492,71.71,0.099,44.66,0
SIM1493,63.91,0.03,35.67,0
SIM1494,58.07,0.221,31.37,0
SIM1495,67.4,0.793,27.56,1
SIM1496,57.65,0.037,22.83,0
SIM1497,76.2,0.115,26.87,0
SIM1498,57.05,1.189,35.73,0
SIM1499,81.26,0.364,41.37,0
SIM1500,56.64,0.689,31.36,0
SIM1501,64.64,0.798,45.21,0
SIM1502,63.88,0.805,30.34,0
SIM1503,89.23,0.062,33.45,0
SIM1504,76.29,0.501,27.98,0
SIM1505,69.25,0.03,41.44,0
SIM1506,78.48,1.412,48.63,1
SIM1507,44.61,0.038,23.55,0
SIM1508,71.44,0.224,32.75,0
SIM1509,97.97,0.226,43.22,1
SIM1510,73.72,0.071,25.59,0
SIM1511,72.88,1.04,38.68,0
SIM1512,79.13,1.404,42.94,1
SIM1513,83.64,0.418,35.51,0
SIM1514,46.03,0.131,38.58,0
SIM1515,50.13,0.03,46.45,0
SIM1516,74.73,0.497,47.66,0
SIM1517,62.71,0.472,34.6,0
SIM1518,89.06,0.359,31.54,0
SIM1519,67.9,0.655,29.02,0
SIM1520,46.85,0.714,41.35,0
SIM1521,55.52,0.69,26.08,0
SIM1522,40.0,0.473,33.36,0
SIM1523,68.96,0.205,35.67,0
SIM1524,69.55,0.806,31.73,0
SIM1525,66.48,0.584,36.82,0
SIM1526,86.03,0.882,51.67,1
SIM1527,87.58,0.849,34.21,0
SIM1528,69.78,0.097,32.17,0
SIM1529,44.25,0.092,41.6,0
SIM1530,80.02,0.323,36.56,0
SIM1531,79.22,0.221,44.36,0
SIM1532,76.02,0.837,36.07,0
SIM1533,84.76,0.699,33.39,0
SIM1534,56.86,0.954,23.41,0
SIM1535,98.11,0.715,24.47,0
SIM1536,59.53,0.651,23.07,0
SIM1537,81.74,0.988,37.47,0
SIM1538,50.06,0.74,26.15,0
SIM1539,59.91,0.603,43.16,0
SIM1540,91.71,1.083,35.2,1
SIM1541,68.61,0.619,33.41,0
SIM1542,82.92,0.477,29.51,0
SIM1543,75.08,0.295,39.04,0
SIM1544,70.64,0.819,29.77,0
SIM1545,89.73,1.001,28.6,1
SIM1546,68.92,0.563,42.72,0
SIM1547,48.85,1.025,37.31,0
SIM1548,61.56,0.03,33.47,0
SIM1549,79.17,0.561,39.17,0
SIM1550,77.14,0.566,35.06,0
SIM1551,51.63,0.333,37.49,0
SIM1552,62.58,1.391,29.69,0
SIM1553,64.44,0.557,48.46,0
SIM1554,67.25,0.441,31.23,0
SIM1555,54.11,0.589,45.11,0
SIM1556,63.83,0.03,33.77,0
SIM1557,62.53,0.322,40.25,0
SIM1558,82.03,0.914,39.77,0
SIM1559,82.52,0.366,42.45,0
SIM1560,70.1,0.298,29.54,0
SIM1561,66.9,1.025,41.99,0
SIM1562,73.82,1.036,47.0,0
SIM1563,61.38,0.756,33.32,0
SIM1564,57.09,0.425,35.23,0
SIM1565,59.78,0.499,31.6,0
SIM1566,63.75,0.307,32.75,0
SIM1567,56.87,0.242,46.12,0
SIM1568,74.11,0.225,28.47,0
SIM1569,81.49,0.37,28.88,0
SIM1570,51.37,0.228,45.47,0
SIM1571,72.33,0.048,39.06,0
SIM1572,69.14,0.655,48.78,0
SIM1573,76.44,0.66,32.07,0
SIM1574,71.83,1.158,35.82,0
SIM1575,53.1,0.353,30.71,0
SIM1576,55.59,0.681,35.93,0
SIM1577,72.38,0.686,23.47,0
SIM1578,85.37,0.494,39.45,0
SIM1579,43.22,0.833,37.1,0
SIM1580,76.49,0.844,34.63,0
SIM1581,87.47,0.691,32.46,1
SIM1582,70.01,0.493,29.18,0
SIM1583,79.15,0.458,39.73,0
SIM1584,62.86,0.115,27.39,0
SIM1585,70.45,0.306,38.33,0
SIM1586,50.93,0.369,48.48,0
SIM1587,41.52,0.198,44.66,0
SIM1588,84.26,0.73,25.22,0
SIM1589,59.2,0.987,31.51,0
SIM1590,66.08,0.271,37.74,0
SIM1591,53.98,0.676,34.54,0
SIM1592,53.67,0.228,25.9,0
SIM1593,69.74,0.476,37.5,0
SIM1594,62.52,0.345,34.93,0
SIM1595,76.91,0.785,47.44,0
SIM1596,77.88,0.349,33.35,0
SIM1597,76.17,0.924,42.59,0
SIM1598,75.1,0.496,26.76,0
SIM1599,92.51,0.359,28.32,1
SIM1600,58.12,0.154,39.69,0
SIM1601,71.29,0.666,42.04,0
SIM1602,86.72,0.884,28.78,0
SIM1603,88.44,0.673,35.16,0
SIM1604,53.52,1.341,26.02,0
SIM1605,67.94,1.066,33.82,0
SIM1606,89.66,0.475,40.44,0
SIM1607,78.61,0.472,32.17,0
SIM1608,74.54,0.74,33.38,0
SIM1609,69.17,0.295,27.66,0
SIM1610,67.01,0.977,30.79,0
SIM1611,75.75,0.703,46.43,1
SIM1612,68.72,0.667,35.47,0
SIM1613,71.45,0.814,28.48,0
SIM1614,73.02,1.166,32.95,0
SIM1615,63.19,0.638,24.62,0
SIM1616,78.92,0.542,28.41,0
SIM1617,109.89,1.093,43.84,1
SIM1618,48.9,0.909,34.07,0
SIM1619,76.21,0.471,47.29,0
SIM1620,62.12,0.582,34.38,0
SIM1621,79.51,0.646,34.77,0
SIM1622,72.61,0.703,39.17,0
SIM1623,81.9,0.119,18.0,0
SIM1624,87.28,0.056,36.33,0
SIM1625,74.5,0.278,34.68,0
SIM1626,86.72,0.252,44.66,1
SIM1627,41.52,0.361,41.27,0
SIM1628,92.68,0.796,27.63,0
SIM1629,76.88,0.523,43.07,0
SIM1630,86.01,0.647,33.29,0
SIM1631,56.14,0.164,29.12,0
SIM1632,61.2,0.423,36.28,0
SIM1633,73.9,0.78,33.68,0
SIM1634,71.78,0.782,45.0,0
SIM1635,75.68,0.334,37.21,0
SIM1636,86.1,0.635,36.34,0
SIM1637,49.05,1.328,40.85,0
SIM1638,84.66,0.574,42.1,0
SIM1639,72.11,0.344,40.09,0
SIM1640,69.35,0.521,44.23,0
SIM1641,52.88,0.611,38.96,0
SIM1642,78.54,0.529,36.09,0
SIM1643,40.62,0.569,43.05,0
SIM1644,80.43,0.089,34.41,0
SIM1645,52.6,0.253,35.22,0
SIM1646,72.69,0.529,46.19,0
SIM1647,70.45,0.524,45.54,0
SIM1648,87.2,0.387,34.95,0
SIM1649,69.68,0.52,32.05,0
SIM1650,62.98,0.601,44.51,0
SIM1651,65.41,0.882,40.2,1
SIM1652,88.55,0.546,37.05,1
SIM1653,78.97,0.716,32.91,0
SIM1654,66.99,0.396,37.16,0
SIM1655,68.93,0.775,34.86,0
SIM1656,51.63,0.708,30.68,0
SIM1657,77.05,0.874,35.84,0
SIM1658,49.12,0.823,36.73,0
SIM1659,81.77,0.78,32.56,0
SIM1660,73.67,0.547,40.87,0
SIM1661,103.03,0.663,43.38,1
SIM1662,57.7,0.942,41.3,0
SIM1663,70.67,0.358,33.2,0
SIM1664,95.38,0.366,39.91,0
SIM1665,87.49,0.642,35.51,0
SIM1666,62.95,0.721,26.97,0
SIM1667,74.91,0.3,39.37,0
SIM1668,72.03,0.555,35.95,0
SIM1669,75.67,0.548,51.86,0
SIM1670,62.92,0.03,44.47,0
SIM1671,70.84,0.505,39.62,0
SIM1672,51.23,0.527,36.62,0
SIM1673,73.76,0.526,36.06,0
SIM1674,77.85,1.061,28.48,0
SIM1675,69.04,0.167,23.7,0
SIM1676,51.0,0.3,29.33,0
SIM1677,84.85,0.03,34.69,0
SIM1678,76.74,0.416,21.31,0
SIM1679,62.56,0.445,31.46,0
SIM1680,68.35,0.407,33.39,0
SIM1681,52.49,0.957,33.6,0
SIM1682,58.67,0.873,30.7,0
SIM1683,65.01,0.606,32.78,0
SIM1684,87.97,0.454,46.21,0
SIM1685,63.69,0.929,39.3,0
SIM1686,80.32,0.573,31.36,0
SIM1687,65.0,0.302,34.56,0
SIM1688,75.22,0.03,34.82,0
SIM1689,70.16,0.43,30.01,0
SIM1690,83.35,0.837,30.0,0
SIM1691,65.05,1.354,41.57,0
SIM1692,51.56,0.601,32.27,0
SIM1693,54.03,0.32,27.88,0
SIM1694,65.09,0.177,34.72,0
SIM1695,55.76,0.768,35.77,0
SIM1696,77.33,0.03,22.18,0
SIM1697,65.95,0.767,34.74,0
SIM1698,102.87,0.858,40.64,1
SIM1699,49.41,0.728,37.93,0
SIM1700,74.65,0.505,49.49,0
SIM1701,57.34,0.772,43.13,0
SIM1702,65.59,0.638,44.42,0
SIM1703,73.84,0.315,53.2,0
SIM1704,41.77,1.209,39.93,0
SIM1705,75.08,0.46,36.06,0
SIM1706,96.74,0.844,41.33,1
SIM1707,66.11,0.03,31.36,0
SIM1708,75.38,1.014,35.7,1
SIM1709,85.32,1.079,30.79,0
SIM1710,69.87,0.59,37.59,0
SIM1711,64.45,0.77,30.76,0
SIM1712,42.42,0.77,30.53,0
SIM1713,80.33,0.361,37.69,0
SIM1714,70.53,0.766,34.1,0
SIM1715,58.84,0.305,22.47,0
SIM1716,73.65,0.373,25.54,0
SIM1717,64.41,0.963,27.54,0
SIM1718,65.13,0.911,29.26,0
SIM1719,79.88,0.34,37.69,0
SIM1720,54.6,0.331,36.42,0
SIM1721,85.62,0.36,41.92,0
SIM1722,53.83,0.829,39.89,0
SIM1723,63.38,0.24,41.97,0
SIM1724,97.0,0.701,38.95,0
SIM1725,86.66,0.834,36.36,0
SIM1726,73.27,0.55,42.15,0
SIM1727,59.77,0.923,40.98,0
SIM1728,65.12,0.477,37.44,0
SIM1729,72.95,0.507,43.26,0
SIM1730,72.49,0.248,19.75,0
SIM1731,70.82,0.926,33.11,0
SIM1732,71.6,0.319,33.01,0
SIM1733,69.21,0.699,42.49,0
SIM1734,53.25,0.556,45.21,0
SIM1735,65.29,0.222,25.57,0
SIM1736,83.89,0.373,44.17,0
SIM1737,54.21,1.05,27.39,0
SIM1738,69.54,0.649,27.58,0
SIM1739,61.34,0.237,33.48,0
SIM1740,73.45,0.684,32.93,0
SIM1741,66.95,0.53,24.87,0
SIM1742,91.21,1.754,39.22,0
SIM1743,78.59,0.677,39.42,0
SIM1744,54.95,0.451,41.85,0
SIM1745,80.73,1.063,32.18,0
SIM1746,61.93,0.03,34.74,0
SIM1747,64.5,0.612,34.8,0
SIM1748,76.08,1.258,45.97,0
SIM1749,65.61,0.54,18.0,0
SIM1750,83.61,0.03,28.78,0
SIM1751,61.93,0.445,35.04,0
SIM1752,63.95,1.075,27.94,0
SIM1753,63.47,0.708,33.32,0
SIM1754,64.65,0.295,34.18,0
SIM1755,86.29,0.347,30.73,0
SIM1756,80.17,0.39,35.42,0
SIM1757,94.23,0.703,39.08,1
SIM1758,101.48,1.035,33.46,1
SIM1759,58.6,0.938,32.05,0
SIM1760,72.92,0.735,33.92,0
SIM1761,56.71,0.127,34.95,0
SIM1762,61.89,0.129,23.69,0
SIM1763,63.81,0.761,38.0,0
SIM1764,58.26,0.123,32.07,0
SIM1765,58.33,0.503,43.2,0
SIM1766,70.12,0.683,38.84,0
SIM1767,56.18,0.193,42.61,0
SIM1768,82.95,0.232,28.43,0
SIM1769,60.07,0.548,32.59,0
SIM1770,108.52,0.751,26.92,0
SIM1771,66.13,0.941,30.42,0
SIM1772,72.94,0.786,43.14,0
SIM1773,55.16,0.605,44.67,0
SIM1774,94.18,0.326,27.54,0
SIM1775,86.55,0.216,32.02,0
SIM1776,75.86,0.406,34.5,0
SIM1777,54.49,0.719,38.81,0
SIM1778,74.74,0.694,23.56,0
SIM1779,57.42,0.03,24.58,0
SIM1780,91.01,0.313,38.18,0
SIM1781,82.52,0.99,22.33,0
SIM1782,73.24,0.607,32.1,0
SIM1783,40.33,0.098,36.05,0
SIM1784,59.22,1.381,37.7,0
SIM1785,80.94,0.57,34.08,0
SIM1786,87.77,0.711,32.62,0
SIM1787,86.42,0.716,40.49,0
SIM1788,51.3,0.455,36.85,0
SIM1789,75.92,0.333,30.79,0
SIM1790,85.2,1.301,35.25,1
SIM1791,50.44,0.921,37.49,0
SIM1792,71.9,0.859,46.17,0
SIM1793,75.56,0.776,40.11,0
SIM1794,68.09,0.239,42.89,0
SIM1795,47.92,1.014,31.03,0
SIM1796,67.77,0.293,31.59,0
SIM1797,67.75,0.676,33.47,0
SIM1798,70.08,0.03,34.07,0
SIM1799,64.67,0.03,28.45,0
SIM1800,66.24,0.688,43.23,0
SIM1801,71.48,0.305,40.74,0
SIM1802,77.75,0.03,33.01,0
SIM1803,68.04,0.764,39.17,0
SIM1804,66.67,1.301,36.45,1
SIM1805,73.2,1.052,39.68,0
SIM1806,47.03,0.493,26.26,0
SIM1807,78.2,0.583,34.05,0
SIM1808,71.99,0.882,34.62,0
SIM1809,72.52,0.962,39.05,0
SIM1810,84.49,0.463,30.92,0
SIM1811,46.61,0.592,18.75,0
SIM1812,46.34,0.682,27.97,0
SIM1813,75.56,0.768,34.6,0
SIM1814,71.91,0.535,35.42,0
SIM1815,74.21,0.539,45.94,0
SIM1816,65.99,1.049,38.79,0
SIM1817,80.64,0.991,35.53,0
SIM1818,84.12,0.742,34.79,0
SIM1819,78.29,1.164,42.18,0
SIM1820,68.61,0.449,31.16,0
SIM1821,44.6,1.132,34.09,0
SIM1822,82.0,0.764,27.92,0
SIM1823,87.88,1.692,44.22,1
SIM1824,80.38,0.175,37.55,0
SIM1825,60.56,0.346,30.4,0
SIM1826,80.76,0.722,34.26,0
SIM1827,83.19,0.715,38.31,1
SIM1828,92.26,1.243,33.37,0
SIM1829,60.61,0.353,31.53,0
SIM1830,69.06,0.888,30.75,0
SIM1831,81.71,0.975,37.2,0
SIM1832,72.75,0.82,32.67,0
SIM1833,57.47,0.253,32.05,0
SIM1834,77.39,1.059,26.32,0
SIM1835,79.52,0.998,35.5,1
SIM1836,73.14,0.784,33.82,0
SIM1837,74.85,0.649,32.91,1
SIM1838,68.64,0.657,36.29,0
SIM1839,91.22,0.553,39.86,0
SIM1840,60.29,0.798,39.56,0
SIM1841,64.36,0.591,38.59,0
SIM1842,72.14,0.292,33.44,0
SIM1843,83.43,0.223,31.31,0
SIM1844,52.53,0.324,28.21,0
SIM1845,54.97,0.656,31.14,0
SIM1846,45.51,0.571,35.13,0
SIM1847,72.43,0.653,29.89,0
SIM1848,57.46,0.75,35.62,0
SIM1849,67.0,0.367,28.72,0
SIM1850,80.6,1.078,24.2,0
SIM1851,63.66,0.489,40.33,0
SIM1852,75.01,0.433,31.92,0
SIM1853,68.11,0.744,29.56,0
SIM1854,80.74,0.03,27.89,0
SIM1855,78.18,0.311,37.75,0
SIM1856,63.0,0.914,43.94,0
SIM1857,69.81,0.03,32.38,0
SIM1858,85.57,0.96,33.6,0
SIM1859,77.11,1.094,41.97,0
SIM1860,53.84,0.454,23.23,0
SIM1861,80.52,0.679,47.78,0
SIM1862,57.9,0.96,50.89,0
SIM1863,90.36,0.421,18.0,0
SIM1864,85.31,0.875,34.37,0
SIM1865,75.77,0.352,30.33,0
SIM1866,74.04,0.418,33.28,0
SIM1867,69.28,0.308,32.28,0
SIM1868,80.82,0.697,40.28,0
SIM1869,67.18,0.974,34.27,0
SIM1870,75.06,0.517,29.08,0
SIM1871,83.34,0.148,33.88,0
SIM1872,64.7,0.212,38.35,0
SIM1873,63.99,0.714,27.31,0
SIM1874,56.47,1.207,24.3,0
SIM1875,58.16,0.714,47.95,0
SIM1876,48.23,0.448,30.82,0
SIM1877,81.49,0.841,34.11,0
SIM1878,95.52,0.499,32.41,0
SIM1879,90.53,0.451,38.56,0
SIM1880,50.86,0.254,46.52,0
SIM1881,81.42,1.059,38.77,0
SIM1882,90.49,0.03,25.13,0
SIM1883,66.06,0.851,26.0,0
SIM1884,73.32,0.422,32.41,0
SIM1885,45.9,0.44,33.26,0
SIM1886,75.47,1.155,23.81,0
SIM1887,58.17,0.337,40.33,0
SIM1888,74.6,0.349,27.94,0
SIM1889,51.7,0.536,44.71,0
SIM1890,79.06,0.721,46.83,0
SIM1891,85.32,0.43,33.39,0
SIM1892,61.82,0.045,37.85,0
SIM1893,57.22,0.286,26.99,0
SIM1894,43.97,1.016,39.05,0
SIM1895,68.54,0.605,31.76,0
SIM1896,64.44,0.733,27.93,0
SIM1897,51.84,0.491,33.12,0
SIM1898,77.89,0.356,31.97,0
SIM1899,66.15,1.15,32.89,0
SIM1900,58.02,0.516,41.17,0
SIM1901,64.79,0.429,29.9,0
SIM1902,85.93,0.953,46.28,0
SIM1903,79.84,0.334,26.39,0
SIM1904,70.31,0.378,45.5,0
SIM1905,80.05,0.583,28.39,0
SIM1906,56.91,0.58,34.99,0
SIM1907,72.42,0.668,31.81,0
SIM1908,73.92,1.291,32.77,1
SIM1909,65.89,0.694,40.21,0
SIM1910,77.66,0.03,44.75,0
SIM1911,61.85,0.691,42.74,0
SIM1912,78.63,0.593,32.37,0
SIM1913,79.17,0.595,36.2,0
SIM1914,40.0,0.664,29.92,0
SIM1915,87.47,0.57,28.55,0
SIM1916,40.0,0.562,27.55,0
SIM1917,63.99,0.788,32.16,0
SIM1918,85.33,0.396,36.62,0
SIM1919,67.88,0.258,22.57,0
SIM1920,52.94,1.608,34.7,0
SIM1921,57.78,0.337,44.85,0
SIM1922,85.35,0.614,42.29,1
SIM1923,47.02,0.071,31.2,0
SIM1924,86.68,0.62,25.92,0
SIM1925,71.28,0.263,37.99,0
SIM1926,56.5,0.43,19.94,0
SIM1927,64.42,0.935,42.22,1
SIM1928,58.78,0.74,33.61,0
SIM1929,83.26,0.773,46.9,0
SIM1930,81.52,0.03,23.77,0
SIM1931,49.65,1.205,40.97,0
SIM1932,66.75,0.175,34.35,0
SIM1933,60.78,1.1,32.85,0
SIM1934,88.82,0.927,26.1,0
SIM1935,54.45,0.776,38.87,0
SIM1936,92.85,0.289,39.39,0
SIM1937,71.57,0.632,46.6,0
SIM1938,56.89,0.42,41.55,0
SIM1939,63.2,0.59,31.14,0
SIM1940,61.58,0.495,28.47,0
SIM1941,55.43,0.03,26.1,0
SIM1942,73.23,0.961,44.58,1
SIM1943,56.04,0.552,29.94,0
SIM1944,43.66,0.415,44.62,0
SIM1945,67.06,0.389,38.41,0
SIM1946,48.56,0.702,37.14,0
SIM1947,62.22,0.276,33.01,0
SIM1948,60.18,0.03,39.29,0
SIM1949,60.67,0.718,34.9,0
SIM1950,98.01,0.756,32.6,1
SIM1951,72.73,0.512,39.52,0
SIM1952,75.19,0.19,34.06,0
SIM1953,48.91,0.61,29.81,0
SIM1954,63.5,0.082,38.9,0
SIM1955,74.8,0.231,34.58,0
SIM1956,58.68,0.325,38.18,0
SIM1957,83.8,0.867,32.05,0
SIM1958,56.36,0.457,27.14,0
SIM1959,68.28,0.428,46.28,0
SIM1960,64.38,1.245,45.05,0
SIM1961,74.14,0.7,40.74,0
SIM1962,63.67,0.695,32.48,0
SIM1963,68.48,0.454,33.05,0
SIM1964,68.93,0.377,43.99,1
SIM1965,62.45,0.03,32.7,0
SIM1966,78.31,0.909,30.89,0
SIM1967,75.1,0.732,47.17,0
SIM1968,70.85,0.519,34.69,0
SIM1969,66.4,0.533,46.49,0
SIM1970,82.36,0.83,25.91,0
SIM1971,68.93,0.051,38.37,0
SIM1972,68.01,0.379,48.46,1
SIM1973,73.36,0.194,35.19,0
SIM1974,94.06,1.182,33.28,1
SIM1975,54.58,0.878,27.41,0
SIM1976,82.01,0.03,42.04,0
SIM1977,47.39,0.065,29.99,0
SIM1978,74.82,0.535,34.38,0
SIM1979,92.48,0.419,26.98,0
SIM1980,78.35,0.13,45.12,0
SIM1981,74.22,1.241,42.51,0
SIM1982,64.71,0.686,34.79,0
SIM1983,72.4,0.741,27.5,0
SIM1984,68.72,0.345,44.98,0
SIM1985,61.78,0.826,32.62,0
SIM1986,68.23,0.451,27.82,0
SIM1987,74.58,0.484,23.55,0
SIM1988,62.03,0.788,30.8,0
SIM1989,61.52,0.03,25.54,0
SIM1990,54.32,1.123,30.95,0
SIM1991,77.08,0.642,39.84,0
SIM1992,79.09,1.016,32.56,0
SIM1993,75.01,0.214,37.31,0
SIM1994,84.55,0.266,30.3,0
SIM1995,73.14,0.185,35.42,0
SIM1996,77.1,0.665,47.49,0
SIM1997,75.95,0.602,32.73,0
SIM1998,70.81,0.422,37.5,0
SIM1999,65.1,0.235,24.82,0
SIM2000,100.78,0.149,44.88,0
SIM2001,66.12,0.564,31.9,0
SIM2002,63.34,0.422,41.83,0
SIM2003,77.64,0.347,34.2,0
SIM2004,75.27,1.106,38.98,0
SIM2005,53.74,0.552,39.36,0
SIM2006,86.59,1.012,32.06,0
SIM2007,70.78,0.399,42.1,0
SIM2008,57.56,0.663,30.07,0
SIM2009,87.45,0.561,40.06,0
SIM2010,80.13,0.03,32.46,0
SIM2011,55.56,1.066,37.27,0
SIM2012,95.1,0.534,32.0,1
SIM2013,80.56,0.834,35.32,0
SIM2014,71.87,0.324,28.01,0
SIM2015,92.67,0.524,36.61,0
SIM2016,74.07,0.285,35.29,0
SIM2017,71.63,1.0,31.49,0
SIM2018,63.42,0.686,34.64,0
SIM2019,79.56,0.705,35.87,0
SIM2020,78.2,1.042,30.99,0
SIM2021,72.19,0.973,34.16,0
SIM2022,61.73,0.84,28.46,0
SIM2023,73.69,0.097,50.25,0
SIM2024,71.09,0.343,41.88,0
SIM2025,54.66,0.239,36.78,0
SIM2026,52.87,0.827,42.62,0
SIM2027,79.35,0.638,22.13,0
SIM2028,40.0,0.107,18.38,0
SIM2029,74.67,0.516,32.4,0
SIM2030,65.78,0.072,26.04,0
SIM2031,89.01,0.562,33.46,0
SIM2032,65.58,0.03,36.34,0
SIM2033,80.57,0.76,40.98,0
SIM2034,66.84,0.709,27.6,0
SIM2035,73.48,1.229,37.6,0
SIM2036,81.58,0.868,35.09,0
SIM2037,65.99,0.436,37.26,0
SIM2038,84.96,0.858,31.62,0
SIM2039,59.08,0.105,43.99,0
SIM2040,75.83,0.253,34.33,0
SIM2041,83.99,0.693,46.53,0
SIM2042,80.58,0.03,29.86,0
SIM2043,96.91,0.567,39.83,1
SIM2044,62.08,0.233,34.61,0
SIM2045,54.07,0.614,32.87,0
SIM2046,59.07,0.214,39.11,0
SIM2047,80.59,0.724,33.06,0
SIM2048,78.47,0.587,18.0,0
SIM2049,73.33,1.056,18.0,0
SIM2050,57.4,0.582,43.27,0
SIM2051,81.97,0.319,43.0,0
SIM2052,56.08,0.496,47.27,0
SIM2053,87.07,0.123,34.89,0
SIM2054,109.15,0.718,26.6,1
SIM2055,76.76,0.781,32.27,0
SIM2056,79.58,1.42,35.07,0
SIM2057,65.59,0.369,28.45,0
SIM2058,48.47,0.489,45.72,0
SIM2059,64.16,0.384,49.56,0
SIM2060,57.79,0.652,38.11,0
SIM2061,53.19,0.71,34.93,0
SIM2062,94.39,0.562,26.58,0
SIM2063,75.55,0.949,45.05,0
SIM2064,76.94,0.37,35.5,0
SIM2065,67.98,0.915,33.12,0
SIM2066,69.75,0.763,38.13,0
SIM2067,84.54,0.576,31.19,0
SIM2068,71.58,0.473,35.95,0
SIM2069,78.9,1.405,25.62,0
SIM2070,69.45,0.302,42.07,0
SIM2071,67.55,0.681,34.32,0
SIM2072,53.71,0.325,42.53,0
SIM2073,46.29,1.187,33.69,0
SIM2074,68.6,0.882,34.11,0
SIM2075,72.73,0.349,27.12,0
SIM2076,55.28,0.754,39.94,0
SIM2077,71.55,0.668,29.31,0
SIM2078,72.7,0.404,31.84,0
SIM2079,43.97,0.838,35.01,0
SIM2080,60.1,0.712,35.79,0
SIM2081,77.29,0.653,23.91,0
SIM2082,77.03,0.566,33.5,0
SIM2083,57.0,0.727,40.17,0
SIM2084,74.06,0.658,32.54,1
SIM2085,85.29,0.6,33.54,0
SIM2086,82.1,0.362,36.06,0
SIM2087,70.76,1.156,34.18,0
SIM2088,65.92,0.223,28.3,0
SIM2089,63.82,0.725,34.76,0
SIM2090,78.08,0.471,41.46,0
SIM2091,74.54,1.178,28.17,0
SIM2092,80.18,0.273,32.57,0
SIM2093,73.71,0.33,26.02,0
SIM2094,82.64,0.25,41.12,0
SIM2095,73.23,0.69,34.4,1
SIM2096,82.2,0.113,29.47,0
SIM2097,83.32,0.417,35.6,0
SIM2098,61.54,0.03,27.18,0
SIM2099,48.49,0.662,28.28,0
SIM2100,92.07,0.41,25.51,0
SIM2101,75.34,0.074,28.07,0
SIM2102,49.71,0.949,43.82,0
SIM2103,62.72,0.135,30.23,0
SIM2104,82.03,0.851,38.03,0
SIM2105,68.36,0.342,29.56,0
SIM2106,65.34,1.125,39.94,0
SIM2107,90.21,0.835,28.33,0
SIM2108,58.39,0.237,35.25,0
SIM2109,61.62,0.268,35.34,0
SIM2110,74.75,0.786,50.13,0
SIM2111,77.08,0.491,39.1,0
SIM2112,78.45,0.522,31.15,0
SIM2113,83.85,1.013,39.45,0
SIM2114,74.58,0.325,48.9,0
SIM2115,78.36,0.611,24.41,0
SIM2116,68.63,0.905,29.52,0
SIM2117,72.82,0.855,33.46,0
SIM2118,73.4,0.526,32.29,0
SIM2119,74.8,0.482,32.84,0
SIM2120,82.04,0.03,26.52,0
SIM2121,79.22,0.221,44.13,0
SIM2122,72.57,0.688,25.75,0
SIM2123,61.48,0.533,33.7,0
SIM2124,72.88,0.605,41.8,0
SIM2125,71.64,0.933,34.8,0
SIM2126,74.51,0.176,28.63,0
SIM2127,100.68,0.5,26.23,0
SIM2128,65.19,0.644,33.51,0
SIM2129,77.49,0.341,30.08,0
SIM2130,85.89,1.067,36.33,1
SIM2131,73.27,0.889,25.89,0
SIM2132,102.39,0.679,40.28,1
SIM2133,67.09,1.19,35.75,0
SIM2134,76.21,0.07,36.23,0
SIM2135,61.62,0.577,44.37,0
SIM2136,67.43,0.705,32.15,0
SIM2137,75.24,0.269,30.28,0
SIM2138,83.0,0.682,31.44,0
SIM2139,76.15,0.204,33.75,0
SIM2140,88.37,0.815,34.41,0
SIM2141,70.77,0.94,29.6,0
SIM2142,67.68,0.673,21.85,0
SIM2143,107.15,0.03,31.35,0
SIM2144,77.13,0.251,37.34,0
SIM2145,62.65,0.772,35.89,0
SIM2146,62.97,0.587,42.8,0
SIM2147,59.75,0.03,47.71,0
SIM2148,84.18,1.003,39.94,0
SIM2149,67.26,0.626,43.99,0
SIM2150,73.66,0.302,39.98,0
SIM2151,71.17,0.918,46.11,0
SIM2152,81.51,0.35,47.03,0
SIM2153,60.99,0.346,41.18,0
SIM2154,58.02,0.702,39.59,0
SIM2155,74.92,1.186,33.67,0
SIM2156,79.81,1.132,34.73,0
SIM2157,76.32,0.702,32.8,0
SIM2158,61.48,0.737,39.04,0
SIM2159,80.81,0.849,30.32,0
SIM2160,62.33,0.153,33.76,0
SIM2161,65.22,0.799,19.69,0
SIM2162,59.73,0.33,46.2,0
SIM2163,88.92,0.688,33.57,0
SIM2164,80.23,0.503,37.96,0
SIM2165,79.86,0.75,44.48,0
SIM2166,88.21,0.62,36.95,0
SIM2167,108.56,0.03,44.39,0
SIM2168,49.78,0.641,26.93,0
SIM2169,62.4,0.798,50.58,0
SIM2170,63.99,0.732,42.07,0
SIM2171,60.94,0.545,36.36,0
SIM2172,57.99,1.138,44.26,0
SIM2173,68.1,0.686,27.4,0
SIM2174,56.18,0.729,33.12,0
SIM2175,76.36,0.935,44.39,0
SIM2176,72.67,0.703,22.86,0
SIM2177,78.25,0.275,38.64,0
SIM2178,78.6,0.03,38.46,0
SIM2179,79.84,0.418,47.8,0
SIM2180,67.15,0.839,24.71,0
SIM2181,99.57,0.46,45.46,0
SIM2182,75.05,0.852,31.36,0
SIM2183,47.79,0.631,32.09,0
SIM2184,58.97,1.018,27.06,0
SIM2185,49.37,0.48,27.93,0
SIM2186,72.23,0.739,37.62,0
SIM2187,70.42,0.752,27.77,0
SIM2188,65.91,1.091,39.81,0
SIM2189,98.14,0.03,30.69,0
SIM2190,79.14,0.424,27.12,0
SIM2191,81.44,0.868,31.57,1
SIM2192,59.9,1.106,37.19,0
SIM2193,59.01,0.662,33.2,0
SIM2194,72.48,0.48,35.22,0
SIM2195,74.25,0.837,39.53,0
SIM2196,47.87,0.875,42.04,0
SIM2197,69.66,0.458,32.98,0
SIM2198,72.18,0.692,28.21,0
SIM2199,69.2,0.981,35.49,0
SIM2200,61.43,1.223,38.06,0
SIM2201,64.99,0.832,25.51,0
SIM2202,69.7,0.595,29.21,0
SIM2203,73.18,0.562,30.33,0
SIM2204,79.86,0.77,33.65,1
SIM2205,86.05,0.541,30.05,0
SIM2206,68.17,0.644,39.6,0
SIM2207,66.07,0.22,24.57,0
SIM2208,77.69,1.021,24.73,0
SIM2209,79.94,0.192,32.83,0
SIM2210,66.36,0.433,33.86,0
SIM2211,82.28,0.613,25.54,0
SIM2212,84.73,1.257,31.06,1
SIM2213,88.79,0.436,32.39,0
SIM2214,95.12,0.354,32.44,0
SIM2215,60.74,0.393,35.99,0
SIM2216,72.18,1.144,30.7,0
SIM2217,72.15,0.03,44.61,0
SIM2218,70.73,0.239,38.17,0
SIM2219,63.56,1.509,29.75,0
SIM2220,52.69,0.781,35.61,0
SIM2221,73.2,0.204,35.81,0
SIM2222,62.01,0.566,42.9,0
SIM2223,73.12,0.603,31.1,0
SIM2224,61.68,0.868,39.99,0
SIM2225,57.7,1.205,35.27,0
SIM2226,75.05,0.712,44.7,0
SIM2227,73.96,0.396,43.39,0
SIM2228,79.53,0.848,36.28,0
SIM2229,100.42,0.343,33.3,0
SIM2230,75.6,0.229,38.29,0
SIM2231,78.31,0.03,33.83,0
SIM2232,57.99,0.048,45.92,0
SIM2233,55.27,0.275,35.51,0
SIM2234,92.58,0.18,32.36,0
SIM2235,59.99,0.687,32.01,0
SIM2236,58.43,0.172,27.12,0
SIM2237,71.49,0.03,38.62,0
SIM2238,70.83,0.225,29.67,0
SIM2239,60.27,0.42,42.14,1
SIM2240,68.04,0.374,26.6,0
SIM2241,87.98,1.097,35.83,0
SIM2242,61.52,0.371,42.48,0
SIM2243,53.88,0.88,21.01,0
SIM2244,84.25,0.574,48.12,0
SIM2245,78.4,0.566,32.24,0
SIM2246,63.93,0.296,35.92,0
SIM2247,51.43,0.56,38.71,0
SIM2248,62.32,0.32,39.72,0
SIM2249,71.29,0.638,36.78,0
SIM2250,87.15,0.5,41.48,0
SIM2251,58.52,0.259,38.37,0
SIM2252,70.9,0.917,46.45,0
SIM2253,80.78,0.725,38.4,0
SIM2254,41.04,0.428,47.77,0
SIM2255,85.44,0.629,40.86,0
SIM2256,56.63,0.552,23.26,0
SIM2257,76.32,0.285,51.97,0
SIM2258,75.21,0.604,31.27,1
SIM2259,86.1,0.369,44.72,0
SIM2260,79.16,0.259,35.17,0
SIM2261,41.1,0.03,41.9,0
SIM2262,61.8,0.458,30.52,0
SIM2263,73.8,0.773,39.07,0
SIM2264,69.47,0.344,33.35,0
SIM2265,78.21,1.437,45.26,0
SIM2266,82.26,0.881,37.85,1
SIM2267,79.91,1.023,41.08,0
SIM2268,69.21,0.85,20.93,0
SIM2269,48.0,1.21,34.44,0
SIM2270,66.08,0.312,37.67,0
SIM2271,77.41,0.03,36.45,0
SIM2272,57.82,0.428,41.25,0
SIM2273,80.21,0.77,32.62,0
SIM2274,83.81,0.632,35.32,0
SIM2275,73.65,0.674,42.68,0
SIM2276,40.0,1.029,20.19,0
SIM2277,55.38,0.71,38.83,0
SIM2278,96.52,0.852,32.83,0
SIM2279,64.9,0.261,29.07,0
SIM2280,46.21,0.208,37.19,0
SIM2281,88.06,1.129,42.98,0
SIM2282,72.17,0.614,41.75,0
SIM2283,86.36,0.368,34.12,0
SIM2284,75.6,0.369,40.69,0
SIM2285,77.96,0.359,40.64,0
SIM2286,76.72,0.339,34.43,0
SIM2287,81.07,0.144,30.49,0
SIM2288,101.61,0.07,30.87,0
SIM2289,84.62,0.514,40.45,0
SIM2290,51.46,0.378,34.73,0
SIM2291,77.81,0.956,28.2,0
SIM2292,86.84,0.68,24.05,0
SIM2293,87.64,0.67,40.41,0
SIM2294,66.45,0.327,31.45,0
SIM2295,87.14,0.539,37.15,0
SIM2296,84.06,0.703,43.06,0
SIM2297,105.44,0.824,26.49,0
SIM2298,62.25,0.548,34.71,0
SIM2299,65.4,0.947,33.89,0
SIM2300,68.02,0.583,37.47,0
SIM2301,65.63,0.85,43.05,0
SIM2302,60.43,0.413,26.36,0
SIM2303,40.0,0.03,38.7,0
SIM2304,66.35,0.671,41.7,1
SIM2305,76.8,0.827,33.79,0
SIM2306,65.59,0.776,34.11,0
SIM2307,97.16,0.724,37.72,1
SIM2308,72.17,0.461,37.24,1
SIM2309,88.78,0.306,38.79,0
SIM2310,75.4,0.768,38.65,0
SIM2311,82.74,0.725,28.62,0
SIM2312,75.63,0.389,41.44,0
SIM2313,89.79,0.957,42.58,0
SIM2314,72.73,0.28,36.21,0
SIM2315,78.45,0.382,25.29,0
SIM2316,76.76,1.136,34.25,1
SIM2317,68.25,0.875,36.26,0
SIM2318,77.26,0.458,27.56,0
SIM2319,101.05,0.678,32.66,0
SIM2320,68.48,0.633,25.84,0
SIM2321,77.45,0.03,38.95,0
SIM2322,88.35,0.272,36.08,0
SIM2323,86.82,0.563,24.3,0
SIM2324,72.15,0.459,37.28,0
SIM2325,41.02,0.664,34.63,0
SIM2326,78.72,0.964,38.36,0
SIM2327,43.15,0.471,32.46,0
SIM2328,91.11,0.22,29.79,0
SIM2329,74.2,0.69,29.99,0
SIM2330,85.0,0.469,31.5,0
SIM2331,60.27,0.527,35.12,0
SIM2332,51.82,0.481,35.96,0
SIM2333,75.39,1.342,33.76,0
SIM2334,71.56,0.03,32.25,0
SIM2335,65.61,0.448,32.72,0
SIM2336,73.1,0.579,51.3,0
SIM2337,107.98,0.314,29.99,1
SIM2338,82.85,0.886,31.37,0
SIM2339,85.64,0.857,56.0,1
SIM2340,82.97,0.564,37.74,0
SIM2341,91.23,0.488,26.03,0
SIM2342,69.53,0.542,40.48,1
SIM2343,45.29,0.544,29.08,0
SIM2344,69.55,0.553,40.91,0
SIM2345,82.55,0.516,33.63,0
SIM2346,59.39,0.666,32.14,0
SIM2347,69.71,0.836,45.46,0
SIM2348,63.01,0.162,38.68,0
SIM2349,91.53,0.223,41.32,0
SIM2350,81.74,0.03,37.83,0
SIM2351,80.47,0.875,32.11,0
SIM2352,80.08,0.665,38.97,0
SIM2353,71.52,0.752,42.86,0
SIM2354,74.57,0.094,35.88,0
SIM2355,56.59,1.187,46.71,0
SIM2356,43.58,0.373,40.53,0
SIM2357,73.95,0.637,36.38,0
SIM2358,76.21,0.87,36.63,0
SIM2359,87.72,0.244,35.89,1
SIM2360,92.43,0.394,26.87,0
SIM2361,92.41,0.641,34.41,0
SIM2362,59.03,1.552,36.44,0
SIM2363,67.42,0.682,32.3,0
SIM2364,78.24,1.126,37.19,0
SIM2365,104.91,0.99,35.14,1
SIM2366,91.24,0.705,40.03,0
SIM2367,86.55,0.244,39.31,0
SIM2368,66.96,0.94,36.09,0
SIM2369,60.52,0.071,26.11,0
SIM2370,82.26,1.124,46.64,0
SIM2371,57.69,0.648,34.08,0
SIM2372,68.9,0.03,34.47,0
SIM2373,70.51,0.464,32.77,0
SIM2374,92.71,0.802,31.83,0
SIM2375,67.39,0.499,45.04,0
SIM2376,40.29,0.823,44.01,0
SIM2377,78.56,0.291,37.89,0
SIM2378,62.91,0.136,34.3,0
SIM2379,72.55,0.556,39.02,0
SIM2380,70.87,0.591,35.48,0
SIM2381,68.44,0.462,33.76,0
SIM2382,82.27,0.997,37.2,0
SIM2383,52.07,0.291,32.13,0
SIM2384,65.28,0.686,36.64,0
SIM2385,80.89,0.603,36.33,0
SIM2386,64.02,0.051,38.92,0
SIM2387,51.09,0.132,30.98,0
SIM2388,80.69,0.584,39.62,0
SIM2389,86.6,1.254,29.11,1
SIM2390,71.42,0.777,31.28,0
SIM2391,46.51,0.03,31.56,0
SIM2392,81.18,0.03,28.03,0
SIM2393,50.42,0.829,41.6,0
SIM2394,76.01,0.547,28.7,0
SIM2395,60.46,0.968,30.46,0
SIM2396,56.92,0.281,43.16,0
SIM2397,66.26,0.699,31.29,0
SIM2398,69.62,0.868,33.78,0
SIM2399,63.63,0.428,28.42,0
SIM2400,79.65,0.435,40.41,0
